{"type":"FeatureCollection","features":[{"type":"Feature","geometry":{"type":"Polygon","coordinates":[[[-111.78735,33.62128],[-111.78731,33.61137],[-111.77016,33.61142],[-111.77012,33.60563],[-111.7692,33.6068],[-111.76717,33.60559],[-111.76399,33.60517],[-111.76266,33.60311],[-111.76144,33.60322],[-111.76031,33.60205],[-111.75735,33.60035],[-111.75735,33.5995],[-111.75642,33.59783],[-111.75638,33.5972],[-111.75729,33.59495],[-111.75707,33.59418],[-111.75601,33.59292],[-111.7559,33.59175],[-111.75798,33.5921],[-111.75993,33.59122],[-111.76142,33.58965],[-111.77008,33.58967],[-111.77011,33.56791],[-111.70843,33.5679],[-111.70696,33.58224],[-111.70633,33.5836],[-111.70569,33.58874],[-111.70547,33.59379],[-111.7047,33.59394],[-111.70162,33.61931],[-111.70099,33.62144],[-111.69855,33.64049],[-111.78736,33.64014],[-111.78735,33.62128]]]},"properties":{"NAME":"Fountain Hills town","BASENAME":"Fountain Hills","GEOID":"0425300"}},{"type":"Feature","geometry":{"type":"MultiPolygon","coordinates":[[[[-111.61692,33.18982],[-111.61687,33.17612],[-111.60234,33.17616],[-111.59966,33.17439],[-111.59964,33.16891],[-111.58017,33.16898],[-111.5797,33.16166],[-111.57576,33.16164],[-111.57538,33.15806],[-111.57103,33.15797],[-111.56929,33.13264],[-111.55405,33.1327],[-111.55386,33.1291],[-111.55176,33.12907],[-111.55274,33.14725],[-111.55148,33.14726],[-111.55586,33.15226],[-111.5554,33.15255],[-111.5571,33.15447],[-111.52688,33.15454],[-111.52621,33.14006],[-111.54361,33.13998],[-111.54324,33.13282],[-111.50861,33.13281],[-111.509,33.14746],[-111.49176,33.14747],[-111.49195,33.15274],[-111.48743,33.1528],[-111.48768,33.16205],[-111.47982,33.16216],[-111.47978,33.16035],[-111.47439,33.16042],[-111.47439,33.16223],[-111.46982,33.16217],[-111.47078,33.16503],[-111.46992,33.16572],[-111.47019,33.16595],[-111.47088,33.16534],[-111.4747,33.17679],[-111.49246,33.17655],[-111.49209,33.16266],[-111.49325,33.16266],[-111.49324,33.16197],[-111.50093,33.16195],[-111.50136,33.17641],[-111.51034,33.17638],[-111.51062,33.18375],[-111.49262,33.18384],[-111.49297,33.20132],[-111.495,33.20566],[-111.51146,33.20557],[-111.51156,33.24911],[-111.546,33.24906],[-111.54597,33.26358],[-111.56325,33.2635],[-111.56322,33.21751],[-111.56345,33.21724],[-111.56099,33.21725],[-111.56096,33.21995],[-111.54597,33.22001],[-111.54599,33.21957],[-111.54721,33.2196],[-111.54721,33.2188],[-111.54607,33.21881],[-111.54605,33.20547],[-111.55603,33.20542],[-111.55561,33.19811],[-111.5616,33.19809],[-111.56335,33.20551],[-111.57038,33.20535],[-111.57412,33.20925],[-111.57489,33.20969],[-111.58266,33.20985],[-111.58263,33.20541],[-111.5954,33.20532],[-111.59529,33.18731],[-111.59997,33.1907],[-111.61692,33.1907],[-111.61692,33.18982]]],[[[-111.54756,33.13281],[-111.54738,33.1291],[-111.54309,33.12917],[-111.54324,33.13282],[-111.54756,33.13281]]]]},"properties":{"NAME":"San Tan Valley town","BASENAME":"San Tan Valley","GEOID":"0464210"}},{"type":"Feature","geometry":{"type":"MultiPolygon","coordinates":[[[[-112.83121,33.66429],[-112.82925,33.66112],[-112.82825,33.65658],[-112.82829,33.6533],[-112.82896,33.64912],[-112.8273,33.62511],[-112.82471,33.6187],[-112.82463,33.61708],[-112.82407,33.61568],[-112.81992,33.61114],[-112.81919,33.60983],[-112.78198,33.60977],[-112.78183,33.59534],[-112.74748,33.59518],[-112.74739,33.58792],[-112.72986,33.58799],[-112.72983,33.58071],[-112.71245,33.58075],[-112.71231,33.55179],[-112.72986,33.55184],[-112.7298,33.53721],[-112.74721,33.53722],[-112.74719,33.5227],[-112.7385,33.5227],[-112.73853,33.50819],[-112.72977,33.50818],[-112.72976,33.50728],[-112.72877,33.50728],[-112.72878,33.50819],[-112.72236,33.50816],[-112.72235,33.50725],[-112.72117,33.50724],[-112.7211,33.49459],[-112.7221,33.49459],[-112.72209,33.49363],[-112.72323,33.49363],[-112.72322,33.49185],[-112.72968,33.49185],[-112.72971,33.49001],[-112.72322,33.49007],[-112.72319,33.4864],[-112.72107,33.48643],[-112.7211,33.47906],[-112.71246,33.4791],[-112.71225,33.47327],[-112.71226,33.46477],[-112.73008,33.46477],[-112.7296,33.46481],[-112.72964,33.48636],[-112.73619,33.48641],[-112.73622,33.49275],[-112.73406,33.49275],[-112.73409,33.50103],[-112.73842,33.50092],[-112.73838,33.49387],[-112.74722,33.49391],[-112.74693,33.46555],[-112.74368,33.46554],[-112.74367,33.46478],[-112.74691,33.46478],[-112.74684,33.4544],[-112.75553,33.45636],[-112.75545,33.44006],[-112.7554,33.43563],[-112.75112,33.43563],[-112.75101,33.41927],[-112.74993,33.41927],[-112.74992,33.41745],[-112.751,33.41745],[-112.751,33.41386],[-112.74666,33.41389],[-112.74651,33.37755],[-112.73532,33.36299],[-112.72911,33.35574],[-112.72701,33.35217],[-112.72167,33.34849],[-112.71496,33.33391],[-112.69507,33.33377],[-112.69507,33.33336],[-112.69411,33.33335],[-112.69393,33.33376],[-112.67722,33.33378],[-112.67718,33.3267],[-112.62531,33.33898],[-112.64579,33.33397],[-112.64243,33.33398],[-112.64247,33.33037],[-112.65979,33.33037],[-112.65982,33.32682],[-112.67275,33.32681],[-112.67277,33.32326],[-112.70312,33.3232],[-112.70314,33.3196],[-112.71183,33.31962],[-112.71178,33.31236],[-112.69446,33.31246],[-112.69444,33.31607],[-112.68148,33.31607],[-112.68151,33.31245],[-112.68584,33.31245],[-112.68583,33.31425],[-112.69015,33.31425],[-112.69018,33.30883],[-112.7074,33.30881],[-112.70737,33.30522],[-112.72492,33.30481],[-112.72489,33.30663],[-112.72907,33.30663],[-112.72907,33.30844],[-112.73339,33.30844],[-112.73339,33.31025],[-112.74421,33.31024],[-112.74421,33.31206],[-112.7507,33.31201],[-112.75073,33.30836],[-112.75937,33.30825],[-112.75941,33.3046],[-112.76157,33.30458],[-112.76156,33.30277],[-112.76374,33.30274],[-112.76372,33.2902],[-112.75936,33.2902],[-112.7589,33.27626],[-112.75928,33.27626],[-112.75928,33.27595],[-112.76372,33.27575],[-112.76351,33.27244],[-112.75915,33.27257],[-112.75904,33.26929],[-112.76306,33.26924],[-112.76283,33.25871],[-112.7499,33.25882],[-112.74975,33.25157],[-112.76269,33.25161],[-112.76257,33.23367],[-112.74379,33.23348],[-112.74378,33.23527],[-112.73956,33.23524],[-112.73956,33.23329],[-112.73741,33.23328],[-112.73746,33.22985],[-112.7115,33.22977],[-112.71144,33.22897],[-112.68489,33.22897],[-112.68493,33.23617],[-112.65035,33.23589],[-112.65039,33.26107],[-112.68497,33.26128],[-112.68503,33.27582],[-112.66763,33.27574],[-112.66769,33.29066],[-112.66009,33.29068],[-112.65995,33.30524],[-112.62632,33.30533],[-112.63816,33.24676],[-112.61586,33.24663],[-112.61584,33.22728],[-112.64192,33.227],[-112.64699,33.20079],[-112.64641,33.20071],[-112.64664,33.19958],[-112.64167,33.19958],[-112.6416,33.18886],[-112.63297,33.1889],[-112.63294,33.1853],[-112.64154,33.18526],[-112.64153,33.18436],[-112.64261,33.18436],[-112.64261,33.18526],[-112.64584,33.18525],[-112.64581,33.17806],[-112.62859,33.17801],[-112.62847,33.15271],[-112.63712,33.15277],[-112.63718,33.14189],[-112.64147,33.14195],[-112.64165,33.13091],[-112.59896,33.13123],[-112.49593,33.13096],[-112.49602,33.23249],[-112.50022,33.23243],[-112.50012,33.22522],[-112.50842,33.22534],[-112.50843,33.23252],[-112.50445,33.23245],[-112.50441,33.23975],[-112.5126,33.2398],[-112.51273,33.29045],[-112.55604,33.29062],[-112.55612,33.33425],[-112.57346,33.3344],[-112.57352,33.35237],[-112.57776,33.35234],[-112.57774,33.34872],[-112.5821,33.34871],[-112.58216,33.3342],[-112.59082,33.33419],[-112.59081,33.33053],[-112.59552,33.33054],[-112.59554,33.32695],[-112.60431,33.32685],[-112.60432,33.32321],[-112.60816,33.32316],[-112.60833,33.31955],[-112.61666,33.31957],[-112.61687,33.316],[-112.62416,33.31604],[-112.62342,33.32256],[-112.62361,33.33031],[-112.61244,33.33027],[-112.61242,33.33385],[-112.62106,33.33398],[-112.62102,33.33759],[-112.60815,33.33766],[-112.60811,33.34301],[-112.59981,33.34496],[-112.59979,33.34857],[-112.59076,33.34866],[-112.59077,33.35598],[-112.5778,33.35606],[-112.58766,33.35584],[-112.57776,33.35585],[-112.57776,33.3596],[-112.57563,33.3596],[-112.57558,33.36322],[-112.54674,33.36277],[-112.54674,33.36184],[-112.54743,33.36184],[-112.54743,33.35942],[-112.57332,33.3596],[-112.54332,33.35934],[-112.53935,33.35937],[-112.53888,33.3597],[-112.53882,33.35933],[-112.53226,33.35933],[-112.53225,33.36286],[-112.55598,33.36317],[-112.55574,33.37028],[-112.53852,33.3703],[-112.53841,33.37547],[-112.53507,33.37547],[-112.53489,33.37669],[-112.53405,33.37669],[-112.53406,33.37747],[-112.55395,33.37752],[-112.55399,33.37945],[-112.5561,33.37946],[-112.5561,33.38108],[-112.55772,33.38091],[-112.5614,33.37953],[-112.56138,33.37764],[-112.55629,33.37763],[-112.55632,33.37729],[-112.55647,33.37753],[-112.56849,33.37758],[-112.57126,33.3767],[-112.57163,33.37644],[-112.57087,33.37579],[-112.57201,33.3758],[-112.5721,33.37453],[-112.5731,33.37457],[-112.57302,33.37586],[-112.57243,33.37584],[-112.57104,33.37698],[-112.57171,33.37759],[-112.57291,33.37746],[-112.57204,33.37758],[-112.57242,33.37769],[-112.56205,33.37951],[-112.55762,33.38111],[-112.55209,33.38165],[-112.54375,33.38413],[-112.53542,33.38708],[-112.52837,33.389],[-112.52162,33.38961],[-112.52163,33.39131],[-112.52292,33.391],[-112.52291,33.38963],[-112.52827,33.38912],[-112.53004,33.38856],[-112.53307,33.38859],[-112.5475,33.38507],[-112.54751,33.38319],[-112.55223,33.38175],[-112.55777,33.38128],[-112.56215,33.37963],[-112.57073,33.37803],[-112.5723,33.37783],[-112.57304,33.37814],[-112.57298,33.37959],[-112.53877,33.3877],[-112.5387,33.39224],[-112.53852,33.3888],[-112.53589,33.38879],[-112.53589,33.38821],[-112.53006,33.38959],[-112.53005,33.39215],[-112.52147,33.39214],[-112.52153,33.41046],[-112.52314,33.41042],[-112.52316,33.41413],[-112.52172,33.41415],[-112.52177,33.41775],[-112.53004,33.4177],[-112.53031,33.41738],[-112.53028,33.42049],[-112.53189,33.42003],[-112.53658,33.41949],[-112.54765,33.41683],[-112.55517,33.41644],[-112.55531,33.41389],[-112.5562,33.41389],[-112.5561,33.4174],[-112.55428,33.41741],[-112.55428,33.41657],[-112.5511,33.41675],[-112.5511,33.41752],[-112.54767,33.41755],[-112.54767,33.41705],[-112.53894,33.41908],[-112.53887,33.42136],[-112.52819,33.42145],[-112.51782,33.42416],[-112.51292,33.42638],[-112.51294,33.41397],[-112.5042,33.41391],[-112.5042,33.41469],[-112.49621,33.41459],[-112.49622,33.42105],[-112.50421,33.42118],[-112.50424,33.4286],[-112.50807,33.42838],[-112.50404,33.4294],[-112.50047,33.43184],[-112.50046,33.43552],[-112.49602,33.43557],[-112.49602,33.43375],[-112.49066,33.43564],[-112.49264,33.4346],[-112.49615,33.43341],[-112.49609,33.42855],[-112.48852,33.42858],[-112.48855,33.42835],[-112.48746,33.42834],[-112.48747,33.43711],[-112.46146,33.44632],[-112.46147,33.47477],[-112.46163,33.47506],[-112.46245,33.47506],[-112.46245,33.47555],[-112.46166,33.47555],[-112.46174,33.47907],[-112.47023,33.47902],[-112.47023,33.47193],[-112.47877,33.47195],[-112.47878,33.48665],[-112.49622,33.48647],[-112.49622,33.49367],[-112.48263,33.49363],[-112.48262,33.49166],[-112.47947,33.49166],[-112.47948,33.49363],[-112.47905,33.49362],[-112.47905,33.49165],[-112.47561,33.49181],[-112.47561,33.4936],[-112.47013,33.49373],[-112.4701,33.49699],[-112.47401,33.497],[-112.47401,33.495],[-112.4756,33.49501],[-112.47558,33.49725],[-112.47876,33.49727],[-112.47874,33.50087],[-112.49615,33.50092],[-112.49606,33.51539],[-112.47891,33.5154],[-112.47889,33.52269],[-112.46207,33.5227],[-112.46278,33.52484],[-112.46385,33.52606],[-112.46985,33.52604],[-112.46981,33.53711],[-112.47959,33.5371],[-112.47963,33.53551],[-112.48012,33.53551],[-112.48012,33.53441],[-112.48088,33.53441],[-112.48127,33.534],[-112.48185,33.53523],[-112.48224,33.53523],[-112.48224,33.53371],[-112.48357,33.53418],[-112.48356,33.5335],[-112.48209,33.53312],[-112.48209,33.53263],[-112.48282,33.53263],[-112.48282,33.53213],[-112.48496,33.53212],[-112.48293,33.52983],[-112.48365,33.5295],[-112.48581,33.53067],[-112.48581,33.52979],[-112.48815,33.52978],[-112.48402,33.52777],[-112.48583,33.52681],[-112.48583,33.52502],[-112.48994,33.52266],[-112.49615,33.52264],[-112.49605,33.53693],[-112.54825,33.5372],[-112.54829,33.55159],[-112.58724,33.55187],[-112.58715,33.52307],[-112.62556,33.5229],[-112.62576,33.53746],[-112.60838,33.53744],[-112.6084,33.54456],[-112.62578,33.54476],[-112.62581,33.55193],[-112.66917,33.55186],[-112.66911,33.62425],[-112.64311,33.62425],[-112.64313,33.63881],[-112.62577,33.63878],[-112.62578,33.6533],[-112.60846,33.6533],[-112.60851,33.66032],[-112.61163,33.66038],[-112.61164,33.66075],[-112.60851,33.66077],[-112.60849,33.71137],[-112.62469,33.71115],[-112.65272,33.71158],[-112.66916,33.71137],[-112.66917,33.72417],[-112.65522,33.72416],[-112.65525,33.73855],[-112.68132,33.73853],[-112.6813,33.72866],[-112.67912,33.72866],[-112.67912,33.72617],[-112.6813,33.72617],[-112.6813,33.72419],[-112.67779,33.72419],[-112.67782,33.69679],[-112.68647,33.69683],[-112.68647,33.70409],[-112.69513,33.70409],[-112.69514,33.71136],[-112.71239,33.71143],[-112.71239,33.72413],[-112.7298,33.7241],[-112.72979,33.71138],[-112.74541,33.71139],[-112.74712,33.7114],[-112.74713,33.72421],[-112.81567,33.72423],[-112.81574,33.66798],[-112.82874,33.66792],[-112.82874,33.6643],[-112.83121,33.66429]],[[-112.59095,33.37439],[-112.59095,33.37449],[-112.59078,33.37452],[-112.59095,33.37439]],[[-112.55619,33.39209],[-112.5561,33.39186],[-112.55619,33.39186],[-112.55619,33.39209]],[[-112.67964,33.46287],[-112.67947,33.46287],[-112.67947,33.46272],[-112.67964,33.46287]],[[-112.62855,33.40621],[-112.62855,33.40631],[-112.62785,33.4063],[-112.62855,33.40621]],[[-112.49604,33.4654],[-112.49571,33.46485],[-112.49604,33.46485],[-112.49604,33.4654]],[[-112.7208,33.44857],[-112.71969,33.44832],[-112.7208,33.44832],[-112.7208,33.44857]],[[-112.59634,33.37402],[-112.59633,33.37416],[-112.59483,33.37411],[-112.59634,33.37402]],[[-112.56026,33.37604],[-112.56022,33.3775],[-112.56006,33.3775],[-112.56026,33.37604]],[[-112.59143,33.37516],[-112.59143,33.37566],[-112.59075,33.37574],[-112.59077,33.37516],[-112.59143,33.37516]],[[-112.60805,33.37273],[-112.60805,33.37357],[-112.60761,33.37356],[-112.60761,33.37282],[-112.60805,33.37273]],[[-112.53954,33.40293],[-112.53907,33.40292],[-112.53905,33.40215],[-112.53953,33.40215],[-112.53954,33.40293]],[[-112.57359,33.37901],[-112.57334,33.37832],[-112.57336,33.3795],[-112.57307,33.37956],[-112.57304,33.37785],[-112.57344,33.37796],[-112.57355,33.37756],[-112.57359,33.37901]],[[-112.54148,33.42122],[-112.53916,33.42124],[-112.53916,33.4205],[-112.54148,33.42122]],[[-112.58653,33.42907],[-112.58548,33.42908],[-112.58548,33.42823],[-112.58653,33.42822],[-112.58653,33.42907]],[[-112.58195,33.37925],[-112.58109,33.37926],[-112.58107,33.37819],[-112.58194,33.37819],[-112.58195,33.37925]],[[-112.52432,33.41498],[-112.52324,33.41499],[-112.52323,33.41412],[-112.5243,33.41411],[-112.52432,33.41498]],[[-112.64259,33.38399],[-112.64259,33.38493],[-112.6415,33.38491],[-112.6415,33.38398],[-112.64259,33.38399]],[[-112.5276,33.41496],[-112.52643,33.41497],[-112.52644,33.41409],[-112.52759,33.41408],[-112.5276,33.41496]],[[-112.59078,33.38552],[-112.58936,33.38564],[-112.58936,33.38485],[-112.59075,33.38474],[-112.59078,33.38552]],[[-112.53758,33.45033],[-112.53448,33.45044],[-112.52598,33.45029],[-112.53758,33.45033]],[[-112.56319,33.44207],[-112.55662,33.44418],[-112.55661,33.44362],[-112.56319,33.44207]],[[-112.54479,33.36174],[-112.54479,33.36289],[-112.54305,33.36289],[-112.54305,33.36172],[-112.54479,33.36174]],[[-112.58196,33.41272],[-112.58194,33.41295],[-112.57321,33.41311],[-112.58196,33.41272]],[[-112.60014,33.37807],[-112.60013,33.38117],[-112.59946,33.38117],[-112.59949,33.37807],[-112.60014,33.37807]],[[-112.62552,33.42089],[-112.62522,33.41965],[-112.62399,33.41736],[-112.62548,33.41736],[-112.62552,33.42089]],[[-112.55646,33.44423],[-112.54798,33.44696],[-112.55575,33.44386],[-112.55616,33.44365],[-112.55628,33.44288],[-112.55646,33.44423]],[[-112.48012,33.45435],[-112.47976,33.45757],[-112.47913,33.45758],[-112.47902,33.45436],[-112.48012,33.45435]],[[-112.58654,33.43357],[-112.58611,33.43437],[-112.58514,33.43493],[-112.58348,33.43548],[-112.58225,33.43548],[-112.58225,33.43525],[-112.58442,33.43506],[-112.58441,33.43357],[-112.58654,33.43357]],[[-112.53892,33.40859],[-112.5378,33.4086],[-112.5378,33.40743],[-112.53649,33.40744],[-112.53649,33.40673],[-112.53886,33.40671],[-112.53892,33.40859]],[[-112.7128,33.44676],[-112.71137,33.44649],[-112.71167,33.4439],[-112.71211,33.4439],[-112.71211,33.44285],[-112.71226,33.4439],[-112.7126,33.44389],[-112.7128,33.44676]],[[-112.57585,33.39933],[-112.57382,33.39933],[-112.57382,33.39748],[-112.57585,33.39747],[-112.57585,33.39933]],[[-112.56612,33.39924],[-112.56609,33.40304],[-112.5649,33.40309],[-112.56489,33.39929],[-112.56612,33.39924]],[[-112.64237,33.36837],[-112.64224,33.37019],[-112.6337,33.37025],[-112.63386,33.36977],[-112.6383,33.36936],[-112.64237,33.36837]],[[-112.6077,33.38356],[-112.6077,33.38407],[-112.60657,33.38406],[-112.60662,33.38478],[-112.60405,33.38479],[-112.60406,33.38124],[-112.60557,33.38124],[-112.60553,33.38222],[-112.60769,33.38222],[-112.6077,33.38356]],[[-112.4983,33.4539],[-112.49614,33.45391],[-112.49614,33.4572],[-112.49571,33.4572],[-112.49571,33.45194],[-112.49618,33.45195],[-112.49612,33.45015],[-112.49828,33.45021],[-112.4983,33.4539]],[[-112.56498,33.41455],[-112.5567,33.41634],[-112.55642,33.41614],[-112.55637,33.41381],[-112.56285,33.41379],[-112.56285,33.41483],[-112.56498,33.41455]],[[-112.6428,33.4305],[-112.63125,33.42824],[-112.64279,33.42827],[-112.6428,33.4305]],[[-112.60808,33.3606],[-112.60807,33.36301],[-112.60363,33.36303],[-112.60364,33.35955],[-112.60744,33.35957],[-112.60744,33.36065],[-112.60808,33.3606]],[[-112.55217,33.46145],[-112.55216,33.46447],[-112.54773,33.4644],[-112.5477,33.461],[-112.55216,33.46102],[-112.55217,33.46145]],[[-112.62536,33.41008],[-112.62203,33.41141],[-112.6208,33.40826],[-112.62064,33.40661],[-112.62213,33.40649],[-112.62213,33.40686],[-112.62462,33.40686],[-112.62536,33.41008]],[[-112.60127,33.39551],[-112.59526,33.39558],[-112.59528,33.39213],[-112.60126,33.39205],[-112.60127,33.39551]],[[-112.74283,33.48202],[-112.74268,33.48276],[-112.74051,33.48276],[-112.74053,33.4855],[-112.73836,33.4855],[-112.73831,33.47915],[-112.74265,33.47915],[-112.74283,33.48202]],[[-112.59068,33.42631],[-112.58976,33.42641],[-112.58976,33.42722],[-112.58928,33.42723],[-112.58928,33.42639],[-112.58872,33.42642],[-112.58874,33.42812],[-112.58229,33.42814],[-112.58229,33.42724],[-112.58285,33.42724],[-112.58285,33.42641],[-112.58229,33.42633],[-112.58354,33.4261],[-112.58304,33.42536],[-112.58774,33.42375],[-112.58871,33.42387],[-112.58873,33.42446],[-112.58928,33.42446],[-112.58928,33.42364],[-112.58976,33.42364],[-112.58976,33.42455],[-112.58873,33.42455],[-112.58873,33.42631],[-112.59068,33.42631]],[[-112.55621,33.40684],[-112.55615,33.41023],[-112.54876,33.41028],[-112.54879,33.40685],[-112.55621,33.40684]],[[-112.62171,33.41154],[-112.61817,33.41293],[-112.61272,33.41373],[-112.6021,33.41237],[-112.59104,33.41265],[-112.5996,33.41226],[-112.59959,33.41204],[-112.60223,33.41213],[-112.61229,33.41358],[-112.61688,33.41298],[-112.61692,33.40649],[-112.62028,33.40661],[-112.62049,33.40849],[-112.62171,33.41154]],[[-112.62965,33.42105],[-112.62542,33.4212],[-112.62494,33.42291],[-112.62303,33.42462],[-112.61691,33.42458],[-112.61692,33.42328],[-112.61912,33.42327],[-112.61914,33.42278],[-112.62131,33.42281],[-112.62127,33.41736],[-112.6236,33.41736],[-112.62495,33.41994],[-112.62516,33.421],[-112.62705,33.42093],[-112.62698,33.41753],[-112.6296,33.41647],[-112.62965,33.42105]],[[-112.6386,33.42353],[-112.63859,33.42459],[-112.63428,33.4246],[-112.63428,33.42285],[-112.63633,33.42286],[-112.63633,33.42115],[-112.63437,33.42107],[-112.63433,33.41745],[-112.62994,33.41737],[-112.62993,33.41633],[-112.63393,33.4147],[-112.6385,33.41472],[-112.63847,33.42113],[-112.63654,33.42115],[-112.63655,33.42286],[-112.63859,33.42287],[-112.6386,33.42353]],[[-112.53863,33.39595],[-112.53437,33.39591],[-112.53439,33.39957],[-112.53019,33.39954],[-112.53004,33.39233],[-112.53847,33.39239],[-112.53863,33.39595]],[[-112.58401,33.38201],[-112.58304,33.38194],[-112.58195,33.38133],[-112.58121,33.38197],[-112.58235,33.38269],[-112.58389,33.38307],[-112.5839,33.38473],[-112.5737,33.38473],[-112.5737,33.38431],[-112.5757,33.3843],[-112.57569,33.38269],[-112.57568,33.38239],[-112.57362,33.38239],[-112.57359,33.38016],[-112.57406,33.38016],[-112.57404,33.37937],[-112.57367,33.37946],[-112.57366,33.37818],[-112.57449,33.3784],[-112.57446,33.37762],[-112.57773,33.37759],[-112.57786,33.37837],[-112.57585,33.37889],[-112.57811,33.3794],[-112.58317,33.37941],[-112.58317,33.38033],[-112.58272,33.38069],[-112.58393,33.3812],[-112.58401,33.38201]],[[-112.54772,33.39921],[-112.54772,33.39942],[-112.53901,33.39957],[-112.53869,33.39238],[-112.54769,33.39254],[-112.54772,33.39921]],[[-112.47879,33.46631],[-112.47878,33.47015],[-112.47024,33.47008],[-112.47022,33.46468],[-112.468,33.46468],[-112.46801,33.46408],[-112.4676,33.46407],[-112.4676,33.46283],[-112.47775,33.46323],[-112.47775,33.46384],[-112.47878,33.46384],[-112.47878,33.46461],[-112.47662,33.4646],[-112.47662,33.46488],[-112.47878,33.46489],[-112.47879,33.46631]],[[-112.62968,33.38847],[-112.62967,33.39219],[-112.62418,33.39216],[-112.62512,33.38871],[-112.6248,33.38871],[-112.6248,33.38844],[-112.62524,33.38844],[-112.62505,33.38472],[-112.62535,33.38473],[-112.62534,33.38074],[-112.62504,33.37759],[-112.61669,33.37767],[-112.61669,33.38125],[-112.60806,33.3812],[-112.60804,33.37824],[-112.61247,33.37825],[-112.61246,33.37797],[-112.60803,33.37798],[-112.60785,33.37757],[-112.60786,33.37798],[-112.59074,33.37806],[-112.59074,33.37711],[-112.61355,33.37734],[-112.62473,33.37626],[-112.62481,33.37375],[-112.62423,33.37123],[-112.62528,33.37114],[-112.625,33.37748],[-112.62818,33.3776],[-112.62818,33.37798],[-112.62651,33.37798],[-112.62697,33.38845],[-112.62968,33.38847]],[[-112.47866,33.45388],[-112.47663,33.45387],[-112.47662,33.45475],[-112.47715,33.45477],[-112.47715,33.45562],[-112.47674,33.45562],[-112.47662,33.45883],[-112.47786,33.45883],[-112.47786,33.45838],[-112.47862,33.45837],[-112.47862,33.45929],[-112.47662,33.45929],[-112.47663,33.46166],[-112.46572,33.46198],[-112.46569,33.45769],[-112.4625,33.45763],[-112.4702,33.45749],[-112.47016,33.45021],[-112.47863,33.4502],[-112.47866,33.45388]],[[-112.55606,33.42127],[-112.55599,33.42668],[-112.5551,33.42655],[-112.55479,33.42738],[-112.55598,33.42748],[-112.556,33.42837],[-112.53919,33.42857],[-112.53922,33.42381],[-112.54007,33.42382],[-112.54007,33.42335],[-112.53922,33.42335],[-112.53925,33.4214],[-112.55606,33.42127]],[[-112.54811,33.48652],[-112.54801,33.4938],[-112.53082,33.49366],[-112.53085,33.4865],[-112.54811,33.48652]],[[-112.53963,33.52287],[-112.53085,33.52281],[-112.53084,33.50831],[-112.53959,33.50828],[-112.53963,33.52287]],[[-112.49634,33.46561],[-112.49633,33.47202],[-112.49182,33.472],[-112.49185,33.47558],[-112.48966,33.47559],[-112.48968,33.47911],[-112.48534,33.47911],[-112.48533,33.4756],[-112.48208,33.47561],[-112.48207,33.47383],[-112.48108,33.47383],[-112.48103,33.46833],[-112.48317,33.46844],[-112.48317,33.46485],[-112.49554,33.46491],[-112.49597,33.46561],[-112.49634,33.46561]],[[-112.67739,33.43283],[-112.67738,33.435],[-112.66213,33.43509],[-112.65997,33.4346],[-112.66016,33.42086],[-112.67735,33.42075],[-112.67739,33.43283]],[[-112.58284,33.52306],[-112.56547,33.52303],[-112.56545,33.5085],[-112.58273,33.50856],[-112.58284,33.52306]],[[-112.74035,33.45019],[-112.73387,33.4502],[-112.73386,33.45141],[-112.72825,33.45021],[-112.72966,33.45021],[-112.72951,33.44292],[-112.7206,33.44288],[-112.72061,33.44469],[-112.71862,33.44468],[-112.71864,33.44649],[-112.71656,33.44648],[-112.71651,33.43923],[-112.71426,33.43922],[-112.71428,33.44103],[-112.71211,33.44102],[-112.71209,33.43563],[-112.7273,33.4357],[-112.72732,33.43383],[-112.72624,33.43383],[-112.72626,33.4284],[-112.7295,33.42842],[-112.72949,33.43568],[-112.73812,33.43567],[-112.73811,33.44295],[-112.74034,33.44295],[-112.74035,33.45019]],[[-112.64173,33.21038],[-112.63289,33.21043],[-112.63315,33.21765],[-112.61584,33.21754],[-112.61582,33.20314],[-112.6417,33.2032],[-112.64173,33.21038]],[[-112.73852,33.60835],[-112.73852,33.62427],[-112.72982,33.62425],[-112.72983,33.65329],[-112.72114,33.65329],[-112.72118,33.66054],[-112.71675,33.66054],[-112.71677,33.66777],[-112.71243,33.6678],[-112.71242,33.68234],[-112.7038,33.68229],[-112.70381,33.66418],[-112.70816,33.66417],[-112.70813,33.66054],[-112.71244,33.66055],[-112.71246,33.62423],[-112.72114,33.62423],[-112.72115,33.60969],[-112.72984,33.60973],[-112.72985,33.59524],[-112.73419,33.59523],[-112.73427,33.60248],[-112.73852,33.60249],[-112.73852,33.60835]],[[-112.60012,33.46453],[-112.60007,33.47946],[-112.58268,33.47936],[-112.58273,33.46464],[-112.56107,33.46458],[-112.56105,33.46846],[-112.56544,33.46844],[-112.56542,33.47195],[-112.56969,33.47196],[-112.56969,33.48294],[-112.56104,33.48292],[-112.56104,33.47561],[-112.54591,33.47557],[-112.54589,33.47925],[-112.53729,33.47922],[-112.5373,33.47554],[-112.53083,33.47544],[-112.53082,33.46814],[-112.5287,33.46817],[-112.52869,33.47195],[-112.52544,33.47194],[-112.52543,33.47266],[-112.52105,33.4764],[-112.51805,33.47385],[-112.52039,33.47183],[-112.52218,33.46861],[-112.52218,33.46477],[-112.5265,33.46443],[-112.55651,33.46454],[-112.55659,33.45747],[-112.5477,33.45753],[-112.54775,33.45297],[-112.54423,33.45301],[-112.54422,33.45573],[-112.53881,33.45579],[-112.53857,33.45551],[-112.53866,33.4509],[-112.58541,33.43579],[-112.59089,33.43465],[-112.59091,33.4439],[-112.58662,33.44389],[-112.58661,33.44652],[-112.58698,33.44727],[-112.59087,33.4473],[-112.59112,33.46386],[-112.59145,33.46387],[-112.59106,33.4645],[-112.60012,33.46453]],[[-112.74688,33.46452],[-112.74688,33.46475],[-112.71226,33.46474],[-112.71225,33.46452],[-112.69989,33.46445],[-112.69079,33.46466],[-112.68148,33.46457],[-112.67971,33.46405],[-112.67972,33.46456],[-112.67848,33.46456],[-112.67848,33.46373],[-112.67773,33.4636],[-112.67787,33.4632],[-112.67982,33.46376],[-112.67982,33.46272],[-112.68194,33.46278],[-112.68193,33.46085],[-112.67782,33.46082],[-112.67767,33.45815],[-112.6788,33.45816],[-112.67876,33.45629],[-112.67766,33.45629],[-112.67763,33.45355],[-112.6689,33.45358],[-112.66886,33.45001],[-112.66923,33.4498],[-112.67743,33.44989],[-112.67726,33.4443],[-112.67311,33.44452],[-112.67309,33.44365],[-112.67203,33.44363],[-112.67201,33.44277],[-112.66666,33.44275],[-112.66666,33.44078],[-112.66021,33.44071],[-112.66015,33.43887],[-112.65366,33.43897],[-112.65367,33.43725],[-112.64728,33.43729],[-112.64726,33.43637],[-112.64307,33.43646],[-112.64307,33.43551],[-112.63871,33.43549],[-112.63871,33.4392],[-112.64295,33.43918],[-112.64294,33.44463],[-112.64082,33.44463],[-112.64083,33.44645],[-112.64137,33.44645],[-112.64138,33.44727],[-112.63863,33.44728],[-112.6386,33.44275],[-112.63436,33.44272],[-112.63438,33.44639],[-112.63001,33.4464],[-112.63003,33.44999],[-112.6429,33.45003],[-112.64318,33.46446],[-112.62573,33.46448],[-112.62581,33.45],[-112.60847,33.44983],[-112.60822,33.44273],[-112.59516,33.44281],[-112.59521,33.43785],[-112.59854,33.43815],[-112.59851,33.43547],[-112.59524,33.43546],[-112.59523,33.43273],[-112.60814,33.42862],[-112.60817,33.43177],[-112.61473,33.43182],[-112.61475,33.43106],[-112.6169,33.43106],[-112.6169,33.4282],[-112.61998,33.42821],[-112.6221,33.42955],[-112.626,33.42998],[-112.6295,33.42925],[-112.6331,33.42951],[-112.63737,33.43085],[-112.64168,33.43285],[-112.64418,33.43365],[-112.65791,33.43526],[-112.67299,33.43867],[-112.67758,33.44065],[-112.68194,33.44069],[-112.73388,33.4524],[-112.73389,33.45741],[-112.74682,33.4574],[-112.74688,33.46452]],[[-112.73555,33.36333],[-112.73355,33.36333],[-112.73355,33.36306],[-112.7238,33.36298],[-112.7183,33.364],[-112.71401,33.36303],[-112.6726,33.36287],[-112.66013,33.36572],[-112.65137,33.36631],[-112.6383,33.36919],[-112.62995,33.37008],[-112.62888,33.37042],[-112.62824,33.37099],[-112.61633,33.3715],[-112.60972,33.37222],[-112.60374,33.3735],[-112.60081,33.37318],[-112.59078,33.37407],[-112.59078,33.37365],[-112.59228,33.37364],[-112.59229,33.37297],[-112.59092,33.37298],[-112.59106,33.37056],[-112.59319,33.37053],[-112.59315,33.37366],[-112.59374,33.37356],[-112.59373,33.37224],[-112.59456,33.37224],[-112.59458,33.37051],[-112.59588,33.37032],[-112.60802,33.37028],[-112.60789,33.37243],[-112.61663,33.37131],[-112.61663,33.37025],[-112.60814,33.37018],[-112.61744,33.37012],[-112.61743,33.36678],[-112.61654,33.36665],[-112.62458,33.36662],[-112.62477,33.36314],[-112.62516,33.36298],[-112.62516,33.35573],[-112.60379,33.35587],[-112.60387,33.34998],[-112.5998,33.34984],[-112.59976,33.35008],[-112.59966,33.34984],[-112.60385,33.34984],[-112.60384,33.34855],[-112.59982,33.34857],[-112.59984,33.34498],[-112.61666,33.34118],[-112.61666,33.3485],[-112.62526,33.34847],[-112.62531,33.339],[-112.67711,33.32673],[-112.67719,33.33381],[-112.69396,33.33379],[-112.69396,33.33338],[-112.69504,33.33338],[-112.69503,33.3338],[-112.71492,33.33394],[-112.72164,33.34851],[-112.72696,33.35217],[-112.72906,33.35573],[-112.73555,33.36333]],[[-112.74661,33.40607],[-112.74661,33.40659],[-112.7434,33.4066],[-112.74339,33.40479],[-112.7423,33.40479],[-112.7423,33.40298],[-112.73797,33.40299],[-112.73796,33.40024],[-112.7358,33.40025],[-112.7358,33.40116],[-112.73363,33.40116],[-112.73365,33.40663],[-112.72729,33.40663],[-112.72718,33.40028],[-112.72941,33.4003],[-112.72931,33.39302],[-112.72708,33.39302],[-112.7271,33.39574],[-112.72494,33.39573],[-112.72492,33.3922],[-112.7163,33.39209],[-112.71631,33.39452],[-112.7146,33.39453],[-112.7146,33.39393],[-112.71435,33.39387],[-112.71207,33.39392],[-112.71207,33.39538],[-112.71434,33.39539],[-112.71431,33.39666],[-112.71195,33.39666],[-112.71193,33.39209],[-112.70756,33.39205],[-112.7076,33.37761],[-112.70392,33.37763],[-112.70407,33.37577],[-112.70338,33.37576],[-112.70264,33.37577],[-112.70263,33.37764],[-112.70156,33.37764],[-112.69953,33.3739],[-112.70259,33.3739],[-112.70255,33.3704],[-112.69417,33.37042],[-112.69402,33.37767],[-112.69448,33.37767],[-112.69457,33.38839],[-112.69892,33.38842],[-112.69893,33.39197],[-112.69453,33.39194],[-112.69454,33.39562],[-112.70331,33.39549],[-112.70334,33.39925],[-112.71196,33.39935],[-112.71195,33.39769],[-112.71333,33.39772],[-112.71335,33.39936],[-112.71196,33.39942],[-112.71203,33.42475],[-112.70343,33.42454],[-112.70343,33.42814],[-112.71202,33.42837],[-112.71209,33.4356],[-112.71004,33.43554],[-112.70997,33.43922],[-112.70567,33.43908],[-112.70559,33.43357],[-112.7035,33.43353],[-112.70351,33.43534],[-112.69478,33.43509],[-112.69481,33.44065],[-112.69263,33.44066],[-112.69264,33.44223],[-112.68642,33.44101],[-112.68639,33.4351],[-112.69478,33.43509],[-112.69462,33.41353],[-112.67713,33.4137],[-112.67712,33.40977],[-112.66619,33.40749],[-112.6628,33.40651],[-112.64745,33.40462],[-112.64286,33.40498],[-112.64288,33.40666],[-112.64243,33.40657],[-112.64248,33.40502],[-112.63413,33.40658],[-112.62929,33.40851],[-112.62902,33.4085],[-112.62991,33.40816],[-112.62877,33.40859],[-112.62555,33.40853],[-112.62555,33.4064],[-112.62856,33.40645],[-112.62782,33.4065],[-112.6279,33.4075],[-112.63112,33.40757],[-112.63428,33.40637],[-112.64249,33.40486],[-112.64257,33.39221],[-112.65127,33.39217],[-112.6513,33.3849],[-112.65562,33.3849],[-112.65564,33.37764],[-112.65078,33.37754],[-112.65999,33.37764],[-112.65997,33.38861],[-112.67733,33.38864],[-112.67732,33.37788],[-112.67674,33.37765],[-112.67674,33.37274],[-112.67556,33.37277],[-112.67556,33.37153],[-112.62801,33.37639],[-112.62801,33.37745],[-112.62504,33.37745],[-112.62531,33.37114],[-112.62779,33.37113],[-112.62733,33.37235],[-112.6273,33.37591],[-112.66805,33.37181],[-112.66809,33.36413],[-112.67241,33.36319],[-112.71423,33.3633],[-112.71825,33.36423],[-112.72444,33.36308],[-112.72723,33.36303],[-112.72736,33.36587],[-112.73347,33.36476],[-112.73345,33.36362],[-112.73576,33.36361],[-112.74648,33.37755],[-112.74661,33.40607]]],[[[-112.69356,33.2033],[-112.69322,33.1793],[-112.68311,33.1648],[-112.68119,33.16611],[-112.68024,33.16457],[-112.68245,33.16361],[-112.68187,33.16231],[-112.68173,33.16005],[-112.67797,33.14922],[-112.66741,33.1493],[-112.66734,33.14198],[-112.65909,33.14207],[-112.65877,33.14578],[-112.64142,33.14572],[-112.64138,33.15998],[-112.65078,33.15992],[-112.65044,33.16524],[-112.64988,33.16722],[-112.63279,33.16728],[-112.63281,33.17444],[-112.64146,33.17441],[-112.64144,33.17082],[-112.65004,33.17073],[-112.65023,33.19457],[-112.64878,33.19616],[-112.65001,33.19932],[-112.65001,33.20051],[-112.64834,33.20321],[-112.64715,33.20696],[-112.64634,33.21096],[-112.64683,33.21103],[-112.64676,33.21137],[-112.64628,33.2113],[-112.64521,33.21658],[-112.64575,33.21665],[-112.64565,33.21712],[-112.6451,33.21706],[-112.64497,33.21764],[-112.64456,33.21764],[-112.64288,33.22577],[-112.64314,33.22605],[-112.64268,33.23215],[-112.66777,33.23242],[-112.66768,33.21791],[-112.65899,33.21794],[-112.65895,33.2106],[-112.66766,33.21069],[-112.66768,33.21791],[-112.67207,33.2179],[-112.67195,33.20707],[-112.68465,33.20703],[-112.68499,33.20693],[-112.68493,33.20323],[-112.69356,33.2033]],[[-112.68479,33.189],[-112.67615,33.18977],[-112.66754,33.18927],[-112.67597,33.18969],[-112.68479,33.189]],[[-112.66769,33.19964],[-112.65898,33.19963],[-112.65893,33.20332],[-112.65466,33.20319],[-112.65461,33.19598],[-112.66766,33.19602],[-112.66769,33.19964]]],[[[-112.85924,33.63948],[-112.85898,33.62431],[-112.84161,33.62425],[-112.84166,33.60982],[-112.81957,33.60983],[-112.82022,33.61097],[-112.82453,33.61581],[-112.82523,33.61899],[-112.82767,33.62504],[-112.82933,33.64934],[-112.82864,33.65341],[-112.82861,33.6566],[-112.82975,33.66136],[-112.83162,33.6643],[-112.83302,33.6643],[-112.83303,33.66642],[-112.83392,33.66779],[-112.85897,33.66778],[-112.85924,33.63948]]],[[[-112.68135,33.74876],[-112.68132,33.73889],[-112.65525,33.73889],[-112.65533,33.81119],[-112.664,33.81121],[-112.66397,33.79313],[-112.65965,33.79313],[-112.65963,33.7858],[-112.66397,33.7858],[-112.66403,33.76767],[-112.6727,33.76768],[-112.67269,33.75315],[-112.68134,33.75317],[-112.68135,33.74876]]],[[[-112.65995,33.35653],[-112.65993,33.35558],[-112.65112,33.35559],[-112.65117,33.34835],[-112.6425,33.34841],[-112.64247,33.35562],[-112.63062,33.35568],[-112.63062,33.35594],[-112.62712,33.35598],[-112.62703,33.36855],[-112.62746,33.36983],[-112.63766,33.36855],[-112.64238,33.36755],[-112.64238,33.36804],[-112.65141,33.36614],[-112.65985,33.36559],[-112.65995,33.35653]]],[[[-112.52141,33.39117],[-112.5214,33.38963],[-112.5146,33.39048],[-112.50932,33.39166],[-112.4964,33.39367],[-112.49324,33.39553],[-112.49148,33.39614],[-112.48966,33.39568],[-112.47879,33.39569],[-112.47893,33.39786],[-112.47322,33.39853],[-112.46593,33.39819],[-112.46359,33.39756],[-112.46151,33.39742],[-112.4615,33.39184],[-112.4781,33.39205],[-112.47812,33.39486],[-112.47677,33.39489],[-112.47675,33.39676],[-112.47828,33.39553],[-112.47813,33.39205],[-112.47838,33.39197],[-112.47841,33.38844],[-112.48269,33.38851],[-112.48266,33.38471],[-112.47825,33.38473],[-112.47827,33.38844],[-112.4697,33.3883],[-112.46963,33.39189],[-112.4615,33.39182],[-112.4615,33.3887],[-112.46232,33.38871],[-112.46225,33.37728],[-112.46361,33.37726],[-112.45832,33.37737],[-112.45831,33.37376],[-112.46679,33.36296],[-112.46927,33.35996],[-112.48665,33.35998],[-112.46927,33.35994],[-112.45828,33.37376],[-112.45828,33.3774],[-112.46222,33.37741],[-112.46229,33.38868],[-112.46147,33.38867],[-112.46164,33.41749],[-112.4701,33.4174],[-112.47007,33.42102],[-112.46189,33.42101],[-112.46163,33.42114],[-112.46164,33.42471],[-112.47879,33.42483],[-112.47879,33.41552],[-112.47818,33.41565],[-112.47813,33.41499],[-112.47818,33.41387],[-112.47867,33.4138],[-112.47865,33.40831],[-112.47664,33.4083],[-112.47663,33.40659],[-112.47027,33.40652],[-112.47012,33.40295],[-112.4615,33.40288],[-112.46151,33.39761],[-112.46589,33.39838],[-112.47127,33.39879],[-112.47877,33.39803],[-112.47889,33.39886],[-112.47897,33.39842],[-112.49178,33.39696],[-112.49175,33.39626],[-112.49647,33.39379],[-112.5172,33.39031],[-112.51722,33.39217],[-112.52141,33.39117]]],[[[-112.67717,33.3994],[-112.66851,33.39949],[-112.66856,33.39214],[-112.65996,33.39213],[-112.65997,33.39487],[-112.66197,33.39487],[-112.66197,33.39587],[-112.66376,33.39586],[-112.66379,33.39951],[-112.64281,33.39951],[-112.6428,33.40474],[-112.6476,33.40436],[-112.66271,33.40622],[-112.67713,33.40954],[-112.67717,33.3994]]],[[[-112.5042,33.39786],[-112.5042,33.39586],[-112.47889,33.39886],[-112.47889,33.40649],[-112.50418,33.40656],[-112.5042,33.39786]]],[[[-112.58241,33.45735],[-112.58241,33.44263],[-112.58035,33.44269],[-112.57379,33.44447],[-112.57383,33.44631],[-112.56948,33.44636],[-112.56947,33.44542],[-112.56299,33.44553],[-112.56302,33.44735],[-112.55652,33.44743],[-112.55663,33.45016],[-112.56525,33.45028],[-112.57389,33.44997],[-112.57389,33.45729],[-112.58241,33.45735]]],[[[-112.72925,33.38734],[-112.72924,33.38544],[-112.72882,33.38497],[-112.72297,33.38489],[-112.72269,33.37775],[-112.71189,33.37774],[-112.71193,33.39209],[-112.7163,33.39209],[-112.71629,33.38851],[-112.72496,33.38852],[-112.72499,33.39197],[-112.72923,33.39197],[-112.72925,33.38734]]],[[[-112.53868,33.37891],[-112.53863,33.37769],[-112.52584,33.37777],[-112.52579,33.38859],[-112.52874,33.38859],[-112.52885,33.38834],[-112.52897,33.38856],[-112.53479,33.3871],[-112.53861,33.38579],[-112.53868,33.37891]],[[-112.53862,33.38298],[-112.53859,33.3849],[-112.53761,33.38482],[-112.53764,33.38298],[-112.53862,33.38298]]],[[[-112.55291,33.3801],[-112.55289,33.37774],[-112.55192,33.37773],[-112.55183,33.37911],[-112.55182,33.37768],[-112.54749,33.37769],[-112.54751,33.37919],[-112.54698,33.37918],[-112.54695,33.37764],[-112.54543,33.37763],[-112.54545,33.37893],[-112.54523,33.37894],[-112.54485,33.37893],[-112.54484,33.37762],[-112.53899,33.37765],[-112.53879,33.38573],[-112.5429,33.38417],[-112.54019,33.38416],[-112.5402,33.38367],[-112.5431,33.38365],[-112.5431,33.38414],[-112.54754,33.38281],[-112.54754,33.38113],[-112.55291,33.38113],[-112.55291,33.3801]]],[[[-112.4961,33.41364],[-112.49608,33.41021],[-112.49185,33.41018],[-112.49187,33.40659],[-112.48257,33.40659],[-112.48259,33.41023],[-112.48746,33.41023],[-112.48747,33.41386],[-112.49609,33.41387],[-112.4961,33.41364]]],[[[-112.68559,33.37067],[-112.67691,33.37149],[-112.67688,33.37315],[-112.6812,33.37316],[-112.68113,33.3775],[-112.68542,33.37751],[-112.68559,33.37067]]],[[[-112.72053,33.37492],[-112.72052,33.37032],[-112.71922,33.36728],[-112.71577,33.36757],[-112.71734,33.37089],[-112.71736,33.37571],[-112.71844,33.37572],[-112.71842,33.37744],[-112.7205,33.37745],[-112.72053,33.37492]]],[[[-112.47773,33.37412],[-112.47199,33.37459],[-112.46911,33.37568],[-112.46909,33.37721],[-112.46368,33.37728],[-112.47766,33.37757],[-112.47773,33.37412]]],[[[-112.50852,33.3836],[-112.50851,33.37763],[-112.50414,33.37758],[-112.50433,33.38356],[-112.50852,33.3836]]],[[[-112.683,33.44994],[-112.68295,33.4481],[-112.68077,33.44808],[-112.68077,33.44635],[-112.67766,33.4463],[-112.67761,33.4517],[-112.6797,33.45171],[-112.67968,33.44991],[-112.67856,33.4499],[-112.67861,33.44806],[-112.67968,33.44807],[-112.67969,33.44991],[-112.683,33.44994]]],[[[-112.71189,33.36843],[-112.71188,33.36794],[-112.70877,33.36825],[-112.70877,33.37038],[-112.70732,33.37038],[-112.70732,33.37126],[-112.71188,33.37125],[-112.71189,33.36843]]],[[[-112.48723,33.37847],[-112.48685,33.37848],[-112.48688,33.37755],[-112.48541,33.37755],[-112.48541,33.37869],[-112.4844,33.3787],[-112.4844,33.37952],[-112.48325,33.37953],[-112.48325,33.3811],[-112.4868,33.38108],[-112.48684,33.3791],[-112.48723,33.3791],[-112.48723,33.37847]]],[[[-112.64184,33.22731],[-112.63309,33.22749],[-112.63307,33.22866],[-112.64023,33.22856],[-112.64024,33.22799],[-112.64171,33.22793],[-112.64184,33.22731]]],[[[-112.67596,33.37031],[-112.66827,33.37026],[-112.66824,33.37179],[-112.67595,33.37102],[-112.67596,33.37031]]],[[[-112.71422,33.37745],[-112.71421,33.37414],[-112.71188,33.37417],[-112.71188,33.37744],[-112.71422,33.37745]]],[[[-112.69068,33.46433],[-112.69066,33.46091],[-112.68845,33.46091],[-112.68855,33.46441],[-112.69068,33.46433]]],[[[-112.62283,33.36943],[-112.62283,33.36805],[-112.61954,33.36807],[-112.61955,33.37022],[-112.62283,33.36943]]],[[[-112.68946,33.45],[-112.68945,33.44818],[-112.6862,33.44815],[-112.68623,33.44997],[-112.68946,33.45]]],[[[-112.62463,33.35533],[-112.62432,33.35198],[-112.6231,33.35199],[-112.62293,33.35559],[-112.62463,33.35533]]],[[[-112.69864,33.3703],[-112.69863,33.36925],[-112.69418,33.36983],[-112.69417,33.37031],[-112.69864,33.3703]]],[[[-112.68185,33.44626],[-112.68184,33.44555],[-112.67773,33.44552],[-112.67773,33.4462],[-112.68185,33.44626]]],[[[-112.4788,33.42824],[-112.4788,33.42659],[-112.47703,33.42665],[-112.47709,33.42828],[-112.4788,33.42824]]],[[[-112.53362,33.41999],[-112.5308,33.42038],[-112.53145,33.42038],[-112.53145,33.42117],[-112.53362,33.42115],[-112.53362,33.41999]]],[[[-112.55606,33.45016],[-112.55491,33.45018],[-112.555,33.45203],[-112.55606,33.45204],[-112.55606,33.45016]]],[[[-112.56792,33.37828],[-112.56791,33.3777],[-112.56559,33.37768],[-112.5656,33.37882],[-112.56792,33.37828]]],[[[-112.69985,33.45406],[-112.69983,33.45257],[-112.69927,33.45255],[-112.69928,33.45334],[-112.69816,33.45333],[-112.69816,33.45404],[-112.69985,33.45406]]],[[[-112.62281,33.37093],[-112.62279,33.37014],[-112.62155,33.37018],[-112.62156,33.37102],[-112.62127,33.37109],[-112.62281,33.37093]]],[[[-112.54877,33.4283],[-112.54876,33.42665],[-112.54815,33.42666],[-112.5483,33.42826],[-112.54877,33.4283]]],[[[-112.52031,33.35932],[-112.50438,33.35937],[-112.50435,33.35998],[-112.48665,33.35991],[-112.50438,33.36001],[-112.5044,33.3594],[-112.52031,33.35932]]],[[[-112.69986,33.45499],[-112.69985,33.45423],[-112.69872,33.45421],[-112.69873,33.45498],[-112.69986,33.45499]]],[[[-112.46691,33.45934],[-112.46592,33.45934],[-112.46592,33.46016],[-112.46691,33.46016],[-112.46691,33.45934]]],[[[-112.59784,33.37172],[-112.59783,33.3705],[-112.59734,33.3705],[-112.59734,33.37172],[-112.59784,33.37172]]],[[[-112.55504,33.38117],[-112.55503,33.38066],[-112.55401,33.38066],[-112.55401,33.38121],[-112.55504,33.38117]]],[[[-112.54901,33.42549],[-112.54792,33.42532],[-112.54799,33.42589],[-112.54887,33.42581],[-112.54901,33.42549]]],[[[-112.47123,33.45882],[-112.47028,33.45882],[-112.47029,33.45927],[-112.47123,33.45927],[-112.47123,33.45882]]],[[[-112.69575,33.4502],[-112.69513,33.45021],[-112.69512,33.45083],[-112.69575,33.4509],[-112.69575,33.4502]]],[[[-112.69816,33.45493],[-112.69816,33.45421],[-112.69759,33.45422],[-112.69757,33.45492],[-112.69816,33.45493]]],[[[-112.58586,33.4262],[-112.58559,33.42549],[-112.58507,33.42561],[-112.58535,33.42634],[-112.58586,33.4262]]],[[[-112.54497,33.4253],[-112.54436,33.4251],[-112.54409,33.42571],[-112.54472,33.42585],[-112.54497,33.4253]]],[[[-112.54313,33.42653],[-112.54312,33.42569],[-112.54263,33.42569],[-112.54265,33.42653],[-112.54313,33.42653]]],[[[-112.5499,33.42576],[-112.54946,33.42562],[-112.54907,33.42649],[-112.54955,33.42652],[-112.5499,33.42576]]],[[[-112.67884,33.45444],[-112.67882,33.45353],[-112.67838,33.45353],[-112.6784,33.45444],[-112.67884,33.45444]]],[[[-112.49402,33.41513],[-112.49336,33.41512],[-112.49336,33.41571],[-112.49402,33.41571],[-112.49402,33.41513]]],[[[-112.47124,33.46099],[-112.47124,33.46063],[-112.47029,33.46063],[-112.47033,33.46099],[-112.47124,33.46099]]],[[[-112.58125,33.3819],[-112.5807,33.38221],[-112.58047,33.38201],[-112.58016,33.38227],[-112.58039,33.38247],[-112.57954,33.38299],[-112.58125,33.3819]]],[[[-112.83351,33.66779],[-112.83302,33.66705],[-112.83301,33.66779],[-112.83351,33.66779]]]]},"properties":{"NAME":"Buckeye city","BASENAME":"Buckeye","GEOID":"0407940"}},{"type":"Feature","geometry":{"type":"MultiPolygon","coordinates":[[[[-112.32406,33.51469],[-112.32361,33.49671],[-112.31961,33.49669],[-112.31958,33.49341],[-112.30893,33.49315],[-112.29022,33.49375],[-112.27244,33.49389],[-112.27242,33.46473],[-112.23822,33.46543],[-112.23837,33.45174],[-112.22127,33.45169],[-112.22109,33.43724],[-112.23823,33.43705],[-112.25514,33.43569],[-112.2896,33.43535],[-112.28945,33.41358],[-112.2892,33.40637],[-112.28894,33.40624],[-112.28912,33.40274],[-112.28857,33.38105],[-112.28458,33.38108],[-112.28456,33.38483],[-112.27185,33.38478],[-112.27179,33.38319],[-112.27134,33.38312],[-112.26807,33.38415],[-112.26352,33.3834],[-112.2544,33.38377],[-112.24938,33.38261],[-112.24554,33.38352],[-112.24239,33.38383],[-112.2406,33.38441],[-112.23984,33.38498],[-112.23712,33.38767],[-112.23705,33.3918],[-112.2368,33.39203],[-112.23687,33.39905],[-112.23933,33.39908],[-112.23932,33.4027],[-112.24551,33.40273],[-112.24559,33.39901],[-112.25395,33.399],[-112.25397,33.40313],[-112.25475,33.40667],[-112.25301,33.40684],[-112.25309,33.41046],[-112.24233,33.41164],[-112.24218,33.40807],[-112.2379,33.40851],[-112.22139,33.40854],[-112.22129,33.4051],[-112.21967,33.405],[-112.21702,33.40367],[-112.21702,33.40855],[-112.20891,33.40846],[-112.2089,33.40354],[-112.20773,33.40398],[-112.204,33.40428],[-112.204,33.40124],[-112.20336,33.39654],[-112.18592,33.39597],[-112.18546,33.39837],[-112.18626,33.40094],[-112.18663,33.40803],[-112.17791,33.40787],[-112.17791,33.40941],[-112.17557,33.4106],[-112.17557,33.41146],[-112.17403,33.41144],[-112.17403,33.41114],[-112.17557,33.41042],[-112.17557,33.40991],[-112.17325,33.40982],[-112.17324,33.40874],[-112.16964,33.40968],[-112.16909,33.4035],[-112.16941,33.40351],[-112.16889,33.40244],[-112.16856,33.39927],[-112.17018,33.39959],[-112.17735,33.39964],[-112.17709,33.39581],[-112.18559,33.39596],[-112.18533,33.39184],[-112.19413,33.39183],[-112.19397,33.38409],[-112.19256,33.38409],[-112.19258,33.38472],[-112.19116,33.38472],[-112.19101,33.38106],[-112.18969,33.38099],[-112.18961,33.37733],[-112.21113,33.37726],[-112.21113,33.38015],[-112.20407,33.38016],[-112.20402,33.37745],[-112.20256,33.37746],[-112.20285,33.39183],[-112.20747,33.39182],[-112.20744,33.38926],[-112.21056,33.38925],[-112.21062,33.3919],[-112.21529,33.39188],[-112.21531,33.38924],[-112.21974,33.38711],[-112.2197,33.38641],[-112.22629,33.38623],[-112.22628,33.38819],[-112.22738,33.38818],[-112.22736,33.38457],[-112.22842,33.38457],[-112.22823,33.38252],[-112.2202,33.37459],[-112.21997,33.37011],[-112.21534,33.37007],[-112.1898,33.34535],[-112.18628,33.34534],[-112.18625,33.34158],[-112.1692,33.32505],[-112.16903,33.34107],[-112.1558,33.34115],[-112.15579,33.34854],[-112.15479,33.3485],[-112.15489,33.35167],[-112.15603,33.35169],[-112.15603,33.35207],[-112.15476,33.35207],[-112.15378,33.35258],[-112.15191,33.35285],[-112.15191,33.35583],[-112.14338,33.35575],[-112.14338,33.35452],[-112.14475,33.35452],[-112.14475,33.35332],[-112.14337,33.35338],[-112.14336,33.34851],[-112.14806,33.34848],[-112.14804,33.34484],[-112.13988,33.34484],[-112.13785,33.34675],[-112.13499,33.34855],[-112.13497,33.34298],[-112.12914,33.34304],[-112.12907,33.34206],[-112.12954,33.34205],[-112.12955,33.3412],[-112.13939,33.34116],[-112.13937,33.33759],[-112.14369,33.33761],[-112.14369,33.33515],[-112.14436,33.33509],[-112.14578,33.33406],[-112.16901,33.33392],[-112.16899,33.32527],[-112.16649,33.32288],[-112.1648,33.32296],[-112.16479,33.3222],[-112.16386,33.3222],[-112.16385,33.32173],[-112.16049,33.31978],[-112.16049,33.31938],[-112.15171,33.3195],[-112.15175,33.30815],[-112.14313,33.30068],[-112.13342,33.29063],[-112.13379,33.29026],[-111.97221,33.29076],[-111.97266,33.29471],[-111.97269,33.30289],[-111.97332,33.30513],[-111.97269,33.30784],[-111.97262,33.34622],[-111.97315,33.34936],[-111.97188,33.35245],[-111.96929,33.36365],[-111.9687,33.36802],[-111.96847,33.37427],[-111.96878,33.37728],[-111.97177,33.37746],[-111.97348,33.37732],[-111.97528,33.37672],[-111.97814,33.37666],[-111.9782,33.39266],[-111.9786,33.39265],[-111.97826,33.40823],[-111.9785,33.43653],[-111.96134,33.43618],[-111.96113,33.4489],[-111.95616,33.44876],[-111.95481,33.44831],[-111.95464,33.44453],[-111.95417,33.44447],[-111.95292,33.44737],[-111.95208,33.44849],[-111.95117,33.44733],[-111.94147,33.44736],[-111.9401,33.44987],[-111.94097,33.45156],[-111.94206,33.45234],[-111.94325,33.45495],[-111.94205,33.45684],[-111.94164,33.46146],[-111.93911,33.46528],[-111.94359,33.46555],[-111.94354,33.47292],[-111.96097,33.47275],[-111.96098,33.47394],[-111.96093,33.48002],[-111.95722,33.48006],[-111.95315,33.4821],[-111.95185,33.48143],[-111.95156,33.48211],[-111.95089,33.48242],[-111.94902,33.48261],[-111.949,33.4847],[-111.9499,33.48534],[-111.94985,33.48751],[-111.95201,33.48752],[-111.95197,33.49094],[-111.94748,33.49021],[-111.9432,33.49078],[-111.94328,33.50535],[-111.94229,33.50535],[-111.94228,33.50279],[-111.94003,33.50282],[-111.94,33.50789],[-111.94061,33.50789],[-111.94067,33.50841],[-111.94118,33.50841],[-111.94123,33.50926],[-111.94329,33.50922],[-111.94323,33.51657],[-111.96034,33.51577],[-111.96939,33.51608],[-111.96942,33.52202],[-111.97371,33.52208],[-111.97372,33.52369],[-111.98628,33.52374],[-111.98855,33.52484],[-111.99241,33.52477],[-111.99501,33.52381],[-111.99516,33.51355],[-111.9997,33.51347],[-112.00164,33.51453],[-112.00453,33.51523],[-112.01289,33.51853],[-112.01294,33.53196],[-111.99518,33.53184],[-111.99534,33.55372],[-111.98642,33.55354],[-111.98645,33.56095],[-111.97778,33.56107],[-111.97778,33.58262],[-111.96923,33.58257],[-111.96919,33.57542],[-111.94352,33.57482],[-111.94343,33.58939],[-111.95211,33.5896],[-111.95209,33.59698],[-111.93897,33.59677],[-111.93897,33.60041],[-111.93615,33.6004],[-111.93459,33.60038],[-111.93464,33.59684],[-111.92605,33.59679],[-111.92552,33.64013],[-111.92573,33.7263],[-111.92581,33.72653],[-111.95504,33.72665],[-111.9607,33.72642],[-111.96073,33.74111],[-111.96727,33.74112],[-111.96726,33.74384],[-111.96943,33.74383],[-111.9694,33.75559],[-111.96509,33.75564],[-111.96508,33.752],[-111.96068,33.75199],[-111.96065,33.77017],[-111.94331,33.7702],[-111.94335,33.7847],[-111.95295,33.78472],[-111.95515,33.78366],[-111.95649,33.78356],[-111.95774,33.78371],[-111.95942,33.78464],[-111.96071,33.78468],[-111.96072,33.79197],[-111.96617,33.79199],[-111.96619,33.79104],[-111.96302,33.79087],[-111.96301,33.78832],[-111.96839,33.78832],[-111.96837,33.79104],[-111.96884,33.79105],[-111.96832,33.79189],[-111.96903,33.79197],[-111.96947,33.79197],[-111.96947,33.79015],[-111.97058,33.78825],[-111.97834,33.78827],[-111.97844,33.7918],[-111.97809,33.79195],[-111.97806,33.79512],[-111.97173,33.7957],[-111.97161,33.79905],[-111.99135,33.79899],[-111.99133,33.7955],[-111.99558,33.79548],[-111.9957,33.799],[-112.02118,33.79904],[-112.04832,33.79894],[-112.04815,33.78482],[-112.06743,33.78451],[-112.06741,33.78812],[-112.07408,33.78807],[-112.07404,33.78995],[-112.07562,33.78994],[-112.07643,33.79058],[-112.07817,33.79073],[-112.07819,33.79176],[-112.0827,33.79173],[-112.08275,33.80628],[-112.10017,33.8054],[-112.10015,33.82768],[-112.1175,33.82768],[-112.11752,33.81296],[-112.13944,33.81274],[-112.14115,33.81747],[-112.14233,33.81972],[-112.14464,33.82766],[-112.14613,33.82766],[-112.1456,33.82072],[-112.14666,33.82049],[-112.14684,33.821],[-112.1485,33.82127],[-112.15077,33.82261],[-112.15228,33.82234],[-112.15222,33.86391],[-112.14557,33.86392],[-112.14671,33.86953],[-112.14761,33.87059],[-112.14694,33.87376],[-112.1474,33.87811],[-112.15201,33.87812],[-112.15201,33.88118],[-112.14696,33.8812],[-112.14665,33.87842],[-112.14346,33.87841],[-112.14352,33.88385],[-112.14309,33.88393],[-112.14527,33.88392],[-112.14527,33.88563],[-112.14358,33.88564],[-112.14356,33.90009],[-112.14559,33.90009],[-112.14646,33.89654],[-112.14676,33.89292],[-112.16092,33.89296],[-112.16088,33.90023],[-112.1523,33.90045],[-112.15259,33.9027],[-112.15227,33.90391],[-112.15227,33.90755],[-112.14802,33.90756],[-112.14793,33.91108],[-112.14572,33.91108],[-112.14572,33.91471],[-112.15215,33.91468],[-112.1523,33.91839],[-112.20354,33.91835],[-112.20362,33.91377],[-112.22069,33.91371],[-112.22082,33.89927],[-112.22109,33.89925],[-112.22111,33.89861],[-112.22098,33.87434],[-112.21029,33.87423],[-112.21071,33.8739],[-112.22099,33.87398],[-112.22094,33.84008],[-112.22875,33.84314],[-112.2302,33.84316],[-112.23134,33.84263],[-112.23214,33.84147],[-112.23547,33.82802],[-112.21651,33.82764],[-112.21653,33.82712],[-112.21481,33.82712],[-112.21481,33.82316],[-112.20796,33.82316],[-112.20796,33.81955],[-112.21667,33.81959],[-112.21666,33.82686],[-112.21728,33.82686],[-112.21727,33.82731],[-112.23557,33.82762],[-112.23578,33.82681],[-112.25269,33.82688],[-112.2396,33.81238],[-112.23843,33.81238],[-112.23823,33.80882],[-112.23389,33.80882],[-112.23382,33.80526],[-112.21746,33.80496],[-112.2196,33.80052],[-112.21912,33.79339],[-112.22022,33.79191],[-112.2204,33.7912],[-112.2201,33.78867],[-112.22076,33.78744],[-112.22167,33.78371],[-112.22245,33.78253],[-112.22299,33.78088],[-112.2239,33.78002],[-112.22508,33.77792],[-112.22481,33.77677],[-112.22514,33.77522],[-112.22667,33.77405],[-112.22654,33.77355],[-112.22099,33.7712],[-112.21731,33.7645],[-112.21431,33.76135],[-112.20357,33.7613],[-112.20332,33.71204],[-112.20292,33.71204],[-112.20288,33.69772],[-112.17896,33.69792],[-112.17875,33.69748],[-112.17739,33.69774],[-112.16969,33.69777],[-112.16924,33.67026],[-112.16946,33.67026],[-112.16895,33.65451],[-112.16927,33.63903],[-112.16843,33.63236],[-112.16878,33.59529],[-112.16677,33.59471],[-112.16623,33.59301],[-112.1636,33.58995],[-112.15975,33.58803],[-112.15684,33.58429],[-112.15165,33.58192],[-112.15169,33.50999],[-112.15222,33.50935],[-112.18635,33.50948],[-112.21996,33.50888],[-112.25487,33.50868],[-112.27248,33.50821],[-112.2727,33.50851],[-112.27248,33.52277],[-112.29438,33.52213],[-112.29437,33.51893],[-112.29867,33.51875],[-112.29866,33.51513],[-112.30675,33.51479],[-112.30684,33.5216],[-112.32378,33.52152],[-112.32377,33.51469],[-112.32406,33.51469]],[[-112.08889,33.72568],[-112.08853,33.72544],[-112.08887,33.72544],[-112.08889,33.72568]],[[-112.12155,33.39227],[-112.12154,33.39286],[-112.12067,33.39287],[-112.12068,33.39228],[-112.12155,33.39227]],[[-111.93102,33.65294],[-111.93102,33.65336],[-111.92989,33.65332],[-111.93034,33.65251],[-111.93102,33.65251],[-111.93102,33.65294]],[[-112.28466,33.40627],[-112.28366,33.40628],[-112.28366,33.40545],[-112.28464,33.40546],[-112.28466,33.40627]],[[-112.15532,33.37768],[-112.15531,33.37904],[-112.15458,33.37904],[-112.15459,33.37768],[-112.15532,33.37768]],[[-112.11834,33.37781],[-112.11833,33.37862],[-112.11664,33.37861],[-112.11682,33.37781],[-112.11834,33.37781]],[[-112.16829,33.38169],[-112.16827,33.38203],[-112.16671,33.38204],[-112.16671,33.38116],[-112.16827,33.38116],[-112.16829,33.38169]],[[-112.16894,33.36362],[-112.16894,33.36411],[-112.16695,33.36409],[-112.16694,33.36312],[-112.16889,33.36311],[-112.16894,33.36362]],[[-111.92823,33.65166],[-111.92822,33.65333],[-111.92564,33.65331],[-111.92564,33.65274],[-111.92768,33.65284],[-111.92769,33.65166],[-111.92823,33.65166]],[[-112.0335,33.70047],[-112.03349,33.70187],[-112.03133,33.70184],[-112.03132,33.70044],[-112.0335,33.70047]],[[-112.08241,33.7094],[-112.08049,33.70937],[-112.0805,33.70756],[-112.0824,33.70759],[-112.08241,33.7094]],[[-111.99554,33.77993],[-111.99537,33.78097],[-111.9934,33.78097],[-111.9934,33.77916],[-111.99553,33.77918],[-111.99554,33.77993]],[[-112.14221,33.38925],[-112.14219,33.39026],[-112.1401,33.3903],[-112.14011,33.38847],[-112.1422,33.38847],[-112.14221,33.38925]],[[-112.07664,33.70016],[-112.07662,33.70201],[-112.07431,33.702],[-112.07434,33.70016],[-112.07664,33.70016]],[[-112.15061,33.8838],[-112.15061,33.88471],[-112.14809,33.8847],[-112.14813,33.88572],[-112.14711,33.88561],[-112.14698,33.88283],[-112.15013,33.88278],[-112.15013,33.8838],[-112.15061,33.8838]],[[-111.97849,33.34773],[-111.97844,33.34881],[-111.97324,33.34936],[-111.97276,33.34647],[-111.97445,33.34736],[-111.97539,33.34745],[-111.9758,33.34876],[-111.97596,33.34833],[-111.97559,33.34742],[-111.97712,33.3473],[-111.97849,33.34773]],[[-112.17344,33.37024],[-112.16918,33.3702],[-112.16917,33.36662],[-112.17341,33.36659],[-112.17344,33.37024]],[[-112.16484,33.34839],[-112.15988,33.34833],[-112.15984,33.34453],[-112.16376,33.34451],[-112.16376,33.34799],[-112.16415,33.34799],[-112.16484,33.3471],[-112.16484,33.34839]],[[-112.21053,33.8739],[-112.21028,33.87419],[-112.20792,33.87417],[-112.20793,33.87749],[-112.20372,33.87753],[-112.20362,33.87385],[-112.21053,33.8739]],[[-111.98447,33.78337],[-111.98313,33.78339],[-111.98314,33.78465],[-111.97822,33.78467],[-111.97823,33.78286],[-111.9771,33.78286],[-111.97713,33.78101],[-111.98251,33.78104],[-111.9825,33.78283],[-111.98445,33.78285],[-111.98447,33.78337]],[[-112.18057,33.37023],[-112.18046,33.37738],[-112.1776,33.3774],[-112.17771,33.37029],[-112.18057,33.37023]],[[-112.13808,33.38397],[-112.1338,33.38398],[-112.13378,33.38624],[-112.13799,33.38621],[-112.13798,33.38712],[-112.13376,33.38714],[-112.13375,33.38838],[-112.13352,33.38838],[-112.1336,33.38215],[-112.13589,33.38215],[-112.1359,33.38117],[-112.13361,33.3812],[-112.13363,33.37935],[-112.13808,33.37936],[-112.13808,33.38397]],[[-112.12074,33.38496],[-112.12072,33.38589],[-112.11653,33.38592],[-112.11651,33.38737],[-112.1165,33.38857],[-112.12071,33.38856],[-112.12068,33.39202],[-112.11625,33.39188],[-112.11633,33.37908],[-112.11664,33.37908],[-112.11663,33.38078],[-112.11804,33.3808],[-112.11802,33.38134],[-112.11838,33.38133],[-112.1185,33.38176],[-112.11847,33.38223],[-112.11655,33.38223],[-112.11656,33.38379],[-112.11798,33.38376],[-112.118,33.38403],[-112.11653,33.38402],[-112.11652,33.38496],[-112.12074,33.38496]],[[-112.21254,33.4208],[-112.21245,33.42298],[-112.20408,33.42293],[-112.20412,33.41964],[-112.20825,33.41964],[-112.20826,33.41922],[-112.21254,33.41929],[-112.21254,33.4208]],[[-112.06355,33.48222],[-112.06333,33.48255],[-112.06331,33.48724],[-112.05635,33.48724],[-112.05636,33.48167],[-112.062,33.4818],[-112.06342,33.4815],[-112.06355,33.48222]],[[-112.0982,33.70649],[-112.09819,33.70831],[-112.09763,33.70831],[-112.09763,33.70743],[-112.09595,33.70743],[-112.09592,33.70958],[-112.0982,33.70923],[-112.09819,33.70985],[-112.08922,33.70995],[-112.08919,33.71113],[-112.09024,33.71109],[-112.09026,33.71284],[-112.08266,33.71291],[-112.08259,33.70756],[-112.08368,33.70752],[-112.08369,33.70938],[-112.08479,33.70937],[-112.08484,33.70578],[-112.08814,33.70576],[-112.08817,33.70751],[-112.09034,33.70751],[-112.09032,33.70932],[-112.09133,33.70927],[-112.09136,33.70838],[-112.09369,33.70836],[-112.09373,33.70655],[-112.09485,33.70653],[-112.09486,33.70572],[-112.09597,33.70571],[-112.09596,33.70652],[-112.0982,33.70649]],[[-112.18666,33.43676],[-112.17789,33.43679],[-112.17787,33.42983],[-112.16966,33.42974],[-112.16966,33.42951],[-112.18664,33.4298],[-112.18666,33.43676]],[[-112.21274,33.41206],[-112.21269,33.41554],[-112.20401,33.41548],[-112.20403,33.41435],[-112.20311,33.41434],[-112.20312,33.41312],[-112.20406,33.41311],[-112.20408,33.41186],[-112.20245,33.41185],[-112.20244,33.41306],[-112.19541,33.41295],[-112.19543,33.40829],[-112.20285,33.40829],[-112.20281,33.40963],[-112.20394,33.40963],[-112.20383,33.40841],[-112.20429,33.40816],[-112.20418,33.41249],[-112.2077,33.41252],[-112.20771,33.41202],[-112.21274,33.41206]],[[-112.16841,33.40771],[-112.15092,33.40663],[-112.14388,33.40668],[-112.14336,33.40643],[-112.14993,33.40398],[-112.1521,33.40352],[-112.16815,33.40349],[-112.16745,33.40373],[-112.16762,33.40463],[-112.16808,33.40459],[-112.16841,33.40771]],[[-111.99553,33.77469],[-111.99552,33.77825],[-111.9934,33.77825],[-111.9934,33.77743],[-111.99122,33.77744],[-111.99123,33.77922],[-111.98908,33.77925],[-111.9891,33.78105],[-111.98687,33.78103],[-111.98691,33.77745],[-111.98362,33.77747],[-111.98419,33.7773],[-111.98419,33.77603],[-111.98361,33.77603],[-111.98361,33.77559],[-111.98253,33.77559],[-111.98253,33.77747],[-111.97745,33.77741],[-111.97818,33.77625],[-111.97818,33.77741],[-111.98031,33.77739],[-111.98035,33.77564],[-111.97927,33.77565],[-111.97927,33.77447],[-111.98085,33.7719],[-111.98308,33.77195],[-111.98418,33.77011],[-111.98699,33.77007],[-111.98698,33.77346],[-111.98579,33.77367],[-111.98579,33.77643],[-111.98698,33.77643],[-111.98698,33.77366],[-111.99551,33.77363],[-111.99553,33.77469]],[[-112.13356,33.40481],[-112.1335,33.40646],[-112.12939,33.40648],[-112.12937,33.40378],[-112.12669,33.40498],[-112.12231,33.40577],[-112.12115,33.40659],[-112.12074,33.40659],[-112.122,33.40569],[-112.11977,33.40481],[-112.11959,33.4066],[-112.11662,33.40663],[-112.11646,33.39943],[-112.1308,33.3994],[-112.13085,33.40313],[-112.13354,33.40244],[-112.13356,33.40481]],[[-112.05728,33.71262],[-112.04864,33.71263],[-112.04856,33.69873],[-112.05712,33.69849],[-112.05728,33.71262]],[[-111.97821,33.77553],[-111.97703,33.77742],[-111.96951,33.77736],[-111.96945,33.77197],[-111.97492,33.77196],[-111.97492,33.77015],[-111.96508,33.77017],[-111.96508,33.76471],[-111.96726,33.7647],[-111.96726,33.76653],[-111.96944,33.76653],[-111.96946,33.76291],[-111.97817,33.76288],[-111.97813,33.77015],[-111.97599,33.77015],[-111.97599,33.77196],[-111.97818,33.77196],[-111.97821,33.77553]],[[-111.99555,33.73325],[-111.99553,33.74465],[-111.99379,33.74467],[-111.99379,33.74501],[-111.99338,33.74501],[-111.99338,33.74653],[-111.99005,33.74646],[-111.99003,33.74739],[-111.99053,33.74739],[-111.99053,33.74822],[-111.98705,33.74822],[-111.9871,33.74559],[-111.98904,33.74559],[-111.98907,33.74332],[-111.99012,33.74332],[-111.99012,33.74421],[-111.99114,33.74421],[-111.99116,33.74105],[-111.96949,33.74126],[-111.97773,33.74114],[-111.97813,33.74079],[-111.97813,33.74104],[-111.98467,33.74096],[-111.98468,33.73744],[-111.98249,33.73745],[-111.98248,33.73202],[-111.98306,33.73201],[-111.98292,33.73116],[-111.98249,33.73127],[-111.98244,33.72839],[-111.98666,33.72838],[-111.98682,33.73022],[-111.99554,33.73022],[-111.99555,33.73325]],[[-112.28884,33.39553],[-112.27358,33.39551],[-112.27358,33.39576],[-112.27215,33.39578],[-112.27216,33.39924],[-112.28069,33.39917],[-112.28069,33.39957],[-112.2723,33.3996],[-112.27229,33.40289],[-112.26359,33.4029],[-112.26239,33.40341],[-112.26249,33.4064],[-112.25491,33.40645],[-112.25414,33.40321],[-112.25411,33.39919],[-112.2678,33.3992],[-112.26772,33.39574],[-112.27196,33.39578],[-112.27193,33.39232],[-112.26772,33.39226],[-112.26774,33.38932],[-112.27201,33.38912],[-112.27208,33.39045],[-112.27696,33.3904],[-112.27701,33.39212],[-112.27714,33.39038],[-112.27944,33.39036],[-112.27944,33.38996],[-112.28056,33.38966],[-112.28062,33.39217],[-112.28102,33.39216],[-112.281,33.39115],[-112.28473,33.39108],[-112.28475,33.39208],[-112.28876,33.39202],[-112.28884,33.39553]],[[-112.17772,33.36291],[-112.17109,33.36306],[-112.1711,33.36282],[-112.16962,33.36281],[-112.16927,33.36024],[-112.16891,33.36024],[-112.16896,33.36282],[-112.16265,33.36304],[-112.16264,33.3665],[-112.15622,33.36657],[-112.15623,33.37027],[-112.15185,33.37036],[-112.15182,33.36296],[-112.16055,33.36294],[-112.16053,33.35205],[-112.16896,33.35201],[-112.16894,33.35567],[-112.17762,33.35563],[-112.17772,33.36291]],[[-112.09989,33.71919],[-112.09981,33.72004],[-112.09891,33.72005],[-112.09892,33.72102],[-112.0998,33.72101],[-112.09966,33.72558],[-112.09614,33.72561],[-112.09613,33.72522],[-112.09475,33.72523],[-112.09528,33.72562],[-112.08997,33.72567],[-112.08959,33.72548],[-112.08957,33.72505],[-112.08744,33.72539],[-112.08744,33.72569],[-112.08309,33.72536],[-112.0831,33.72579],[-112.07522,33.72556],[-112.06589,33.72587],[-112.06578,33.72008],[-112.0829,33.72031],[-112.08254,33.7131],[-112.08477,33.71309],[-112.08484,33.71481],[-112.08594,33.7148],[-112.08587,33.71308],[-112.08911,33.71305],[-112.08925,33.71658],[-112.08708,33.7166],[-112.08711,33.7175],[-112.08931,33.71748],[-112.08935,33.71841],[-112.08988,33.71841],[-112.08983,33.71736],[-112.09087,33.71736],[-112.09091,33.71841],[-112.09149,33.71838],[-112.09137,33.71563],[-112.09016,33.71566],[-112.09012,33.71476],[-112.09137,33.71474],[-112.09129,33.71304],[-112.09244,33.71303],[-112.0925,33.71473],[-112.09478,33.7147],[-112.09476,33.7138],[-112.09584,33.71379],[-112.0959,33.71651],[-112.0971,33.7165],[-112.09712,33.71834],[-112.0998,33.71831],[-112.09989,33.71919]],[[-112.16816,33.40134],[-112.16669,33.40261],[-112.16476,33.40307],[-112.15115,33.4033],[-112.15107,33.40284],[-112.15071,33.40284],[-112.15066,33.4034],[-112.14241,33.40632],[-112.14233,33.39583],[-112.14238,33.39513],[-112.14275,33.39507],[-112.14272,33.39456],[-112.14237,33.39454],[-112.14239,33.3911],[-112.14651,33.39093],[-112.14655,33.39222],[-112.15064,33.39221],[-112.15069,33.39401],[-112.15105,33.39398],[-112.15113,33.39219],[-112.15353,33.39219],[-112.15353,33.39261],[-112.15307,33.3926],[-112.15307,33.39567],[-112.15413,33.39567],[-112.15414,33.39195],[-112.15733,33.39194],[-112.15735,33.39566],[-112.15846,33.39566],[-112.15845,33.39193],[-112.15952,33.39192],[-112.15949,33.39025],[-112.16062,33.39023],[-112.16062,33.39193],[-112.16462,33.39192],[-112.16462,33.3922],[-112.16602,33.3922],[-112.16597,33.39604],[-112.16806,33.3957],[-112.16816,33.40134]],[[-112.14046,33.36311],[-112.13693,33.36312],[-112.13692,33.35896],[-112.1348,33.35901],[-112.1348,33.3604],[-112.13467,33.35944],[-112.13047,33.35948],[-112.13045,33.36303],[-112.12982,33.36312],[-112.13046,33.36311],[-112.1305,33.37217],[-112.12622,33.37214],[-112.12622,33.37395],[-112.13046,33.37394],[-112.13045,33.37613],[-112.13153,33.37613],[-112.13152,33.37759],[-112.11888,33.37761],[-112.11889,33.37679],[-112.11762,33.37681],[-112.11739,33.37488],[-112.11784,33.34137],[-112.12213,33.34131],[-112.12214,33.34499],[-112.12431,33.34497],[-112.12428,33.34674],[-112.12556,33.34673],[-112.12556,33.34857],[-112.1349,33.34855],[-112.13491,33.3558],[-112.13265,33.35581],[-112.13264,33.35671],[-112.13491,33.35669],[-112.13491,33.35872],[-112.13907,33.35863],[-112.13908,33.3594],[-112.14042,33.35939],[-112.14046,33.36311]],[[-112.32392,33.50751],[-112.32362,33.52139],[-112.30693,33.52147],[-112.30676,33.50754],[-112.30287,33.50764],[-112.30283,33.49467],[-112.30882,33.49453],[-112.30882,33.49344],[-112.31947,33.49355],[-112.31951,33.49674],[-112.32345,33.49677],[-112.32353,33.50407],[-112.32388,33.50409],[-112.32392,33.50751]]],[[[-112.12626,33.36182],[-112.12621,33.35918],[-112.12148,33.3594],[-112.11763,33.3612],[-112.11763,33.36308],[-112.12553,33.36305],[-112.1255,33.36186],[-112.12626,33.36182]]]]},"properties":{"NAME":"Phoenix city","BASENAME":"Phoenix","GEOID":"0455000"}},{"type":"Feature","geometry":{"type":"Polygon","coordinates":[[[-112.4471,33.81198],[-112.44705,33.7822],[-112.39475,33.78212],[-112.39474,33.75305],[-112.36001,33.75303],[-112.36003,33.73852],[-112.35133,33.73851],[-112.35133,33.73127],[-112.34266,33.73128],[-112.34264,33.7209],[-112.33558,33.7238],[-112.32988,33.72349],[-112.32905,33.72397],[-112.3285,33.72491],[-112.31661,33.72494],[-112.31675,33.70468],[-112.31744,33.70401],[-112.30808,33.70399],[-112.30806,33.71314],[-112.30604,33.71315],[-112.30604,33.71341],[-112.29437,33.71326],[-112.29429,33.71082],[-112.28986,33.71075],[-112.28974,33.70721],[-112.28549,33.70718],[-112.28556,33.71076],[-112.28112,33.71065],[-112.28128,33.71301],[-112.27911,33.71232],[-112.2791,33.71195],[-112.27831,33.71195],[-112.27825,33.71064],[-112.27687,33.71064],[-112.27677,33.70352],[-112.27464,33.7035],[-112.27473,33.70074],[-112.27416,33.70074],[-112.27415,33.69892],[-112.27458,33.69893],[-112.27458,33.69806],[-112.2767,33.69808],[-112.27671,33.69669],[-112.27884,33.69671],[-112.27883,33.69642],[-112.28096,33.69627],[-112.28533,33.69632],[-112.28536,33.69863],[-112.28637,33.69864],[-112.28638,33.69815],[-112.28716,33.69816],[-112.28717,33.69915],[-112.28805,33.69916],[-112.28866,33.69816],[-112.28961,33.69817],[-112.28979,33.69966],[-112.28967,33.69271],[-112.29416,33.69267],[-112.29669,33.68685],[-112.29852,33.68042],[-112.30082,33.6816],[-112.30162,33.68158],[-112.30307,33.68015],[-112.30305,33.67793],[-112.29987,33.67797],[-112.29955,33.67639],[-112.29912,33.67753],[-112.29862,33.67703],[-112.29862,33.67432],[-112.29935,33.67432],[-112.29976,33.66704],[-112.30294,33.66702],[-112.30284,33.65245],[-112.28978,33.6526],[-112.28988,33.66724],[-112.27254,33.66714],[-112.27238,33.65263],[-112.25931,33.65262],[-112.25936,33.63797],[-112.25501,33.63796],[-112.25485,33.62415],[-112.25702,33.62409],[-112.25708,33.60968],[-112.26376,33.60949],[-112.26385,33.58773],[-112.27248,33.58734],[-112.27248,33.56562],[-112.30692,33.56538],[-112.30676,33.55073],[-112.21143,33.55259],[-112.21165,33.55273],[-112.21172,33.55562],[-112.2116,33.5671],[-112.20306,33.56727],[-112.20256,33.61418],[-112.2069,33.61413],[-112.20692,33.61787],[-112.20798,33.61782],[-112.20799,33.61953],[-112.21114,33.61952],[-112.21114,33.61777],[-112.21184,33.61774],[-112.21181,33.61661],[-112.21122,33.61662],[-112.21123,33.61409],[-112.21349,33.61406],[-112.21348,33.61463],[-112.21559,33.61462],[-112.21574,33.61583],[-112.21784,33.6158],[-112.21784,33.6146],[-112.2176,33.61461],[-112.2176,33.61407],[-112.21713,33.614],[-112.21713,33.61315],[-112.21784,33.61314],[-112.21788,33.61402],[-112.21828,33.61399],[-112.21828,33.61326],[-112.21883,33.61326],[-112.21883,33.61398],[-112.21993,33.61398],[-112.21991,33.6194],[-112.2189,33.61941],[-112.2189,33.61765],[-112.21563,33.61769],[-112.21562,33.62485],[-112.21379,33.62482],[-112.21379,33.62637],[-112.21563,33.62786],[-112.21556,33.63052],[-112.21805,33.63269],[-112.21764,33.63399],[-112.2178,33.63467],[-112.21578,33.63568],[-112.21593,33.63805],[-112.23783,33.63799],[-112.23783,33.63967],[-112.23855,33.6384],[-112.24006,33.63852],[-112.23844,33.6419],[-112.23783,33.6419],[-112.2378,33.65253],[-112.23659,33.65254],[-112.23627,33.65633],[-112.23553,33.65633],[-112.23556,33.65993],[-112.23484,33.65993],[-112.22778,33.67167],[-112.2269,33.67166],[-112.2269,33.67325],[-112.22471,33.67718],[-112.22471,33.67804],[-112.2236,33.67805],[-112.2236,33.67986],[-112.22253,33.67987],[-112.22253,33.68158],[-112.22044,33.6816],[-112.22053,33.69626],[-112.20306,33.69628],[-112.20292,33.71204],[-112.20332,33.71204],[-112.20357,33.7613],[-112.21431,33.76135],[-112.21731,33.7645],[-112.22099,33.7712],[-112.22655,33.77356],[-112.22646,33.77435],[-112.22514,33.77522],[-112.22481,33.77677],[-112.22508,33.77792],[-112.2239,33.78002],[-112.22299,33.78088],[-112.22245,33.78253],[-112.22167,33.78371],[-112.22076,33.78744],[-112.2201,33.78867],[-112.2204,33.7912],[-112.22022,33.79191],[-112.21912,33.79339],[-112.2196,33.80052],[-112.21746,33.80496],[-112.23382,33.80526],[-112.23389,33.80882],[-112.23823,33.80882],[-112.23843,33.81238],[-112.2396,33.81238],[-112.25269,33.82688],[-112.23578,33.82681],[-112.23214,33.84147],[-112.23151,33.84249],[-112.23043,33.8431],[-112.22893,33.84318],[-112.22094,33.84008],[-112.22109,33.89925],[-112.26436,33.8992],[-112.2628,33.90078],[-112.26067,33.90398],[-112.2589,33.90504],[-112.25564,33.90543],[-112.2553,33.95714],[-112.28924,33.95673],[-112.30758,33.95708],[-112.3076,33.9553],[-112.32507,33.95509],[-112.32478,33.94065],[-112.34305,33.94096],[-112.34297,33.91193],[-112.34174,33.89735],[-112.34267,33.89733],[-112.34259,33.83589],[-112.34984,33.83545],[-112.35678,33.83387],[-112.36241,33.83164],[-112.3716,33.82665],[-112.37464,33.82557],[-112.37747,33.825],[-112.37739,33.88357],[-112.42957,33.88366],[-112.42975,33.82904],[-112.44706,33.83217],[-112.4471,33.81198]],[[-112.30822,33.72458],[-112.30818,33.72494],[-112.29799,33.72494],[-112.2952,33.72977],[-112.29488,33.74701],[-112.29053,33.74707],[-112.29051,33.7507],[-112.28622,33.75066],[-112.28612,33.75436],[-112.2873,33.75438],[-112.28724,33.75484],[-112.28512,33.75743],[-112.28421,33.75904],[-112.28526,33.7602],[-112.2853,33.7616],[-112.28612,33.76161],[-112.28612,33.76891],[-112.28178,33.76885],[-112.28183,33.77233],[-112.28628,33.7724],[-112.28625,33.77958],[-112.2748,33.77956],[-112.27476,33.75567],[-112.27527,33.7396],[-112.2865,33.73968],[-112.28649,33.72869],[-112.29083,33.72865],[-112.29076,33.72494],[-112.29473,33.72494],[-112.2944,33.71431],[-112.30805,33.71411],[-112.30822,33.72458]],[[-112.28169,33.72448],[-112.27952,33.72482],[-112.27947,33.72302],[-112.27783,33.72301],[-112.27789,33.72482],[-112.27468,33.72484],[-112.2746,33.72142],[-112.27504,33.72142],[-112.275,33.71786],[-112.28146,33.71787],[-112.28133,33.71426],[-112.28169,33.72448]],[[-112.27253,33.55856],[-112.27248,33.56559],[-112.26814,33.56573],[-112.26808,33.55866],[-112.27253,33.55856]],[[-112.27225,33.69707],[-112.27225,33.69797],[-112.27184,33.69797],[-112.27184,33.69891],[-112.27086,33.69891],[-112.27086,33.69988],[-112.27181,33.69988],[-112.27182,33.70073],[-112.27223,33.70056],[-112.27221,33.70348],[-112.25938,33.70357],[-112.25933,33.70546],[-112.25496,33.70549],[-112.25074,33.70546],[-112.25066,33.70347],[-112.24415,33.70347],[-112.24414,33.70496],[-112.24283,33.70497],[-112.24283,33.70534],[-112.24196,33.70532],[-112.242,33.70356],[-112.23777,33.70354],[-112.23782,33.69804],[-112.23879,33.69804],[-112.23882,33.69714],[-112.24038,33.69715],[-112.24039,33.69623],[-112.23792,33.69624],[-112.23987,33.69608],[-112.23987,33.69441],[-112.23785,33.69439],[-112.23783,33.68887],[-112.24655,33.689],[-112.24656,33.68533],[-112.24218,33.68528],[-112.24214,33.68254],[-112.24322,33.68255],[-112.24318,33.68178],[-112.25471,33.68192],[-112.25494,33.68894],[-112.25075,33.68899],[-112.25069,33.69127],[-112.24967,33.69126],[-112.24967,33.69217],[-112.25069,33.69217],[-112.25068,33.6926],[-112.24639,33.69257],[-112.24643,33.69609],[-112.25486,33.69612],[-112.2549,33.69642],[-112.25345,33.69642],[-112.25353,33.69749],[-112.25509,33.69749],[-112.25506,33.69624],[-112.27224,33.6962],[-112.27225,33.69707]],[[-112.24222,33.55454],[-112.24208,33.55648],[-112.23793,33.55653],[-112.23793,33.55701],[-112.23768,33.55701],[-112.23781,33.55215],[-112.23882,33.55217],[-112.23881,33.55303],[-112.23798,33.55303],[-112.23798,33.55421],[-112.23943,33.5541],[-112.23976,33.55449],[-112.24216,33.55262],[-112.24222,33.55454]],[[-112.23782,33.55743],[-112.23782,33.55834],[-112.23615,33.55838],[-112.23616,33.55792],[-112.23563,33.55794],[-112.23563,33.55749],[-112.23782,33.55743]],[[-112.23752,33.69074],[-112.23754,33.69257],[-112.22906,33.69261],[-112.22906,33.689],[-112.23591,33.68896],[-112.23591,33.68983],[-112.23751,33.68983],[-112.23752,33.69074]],[[-112.2374,33.61617],[-112.2373,33.62077],[-112.22868,33.62095],[-112.22874,33.61988],[-112.22102,33.62005],[-112.22102,33.61894],[-112.22013,33.61897],[-112.22013,33.61753],[-112.23313,33.61731],[-112.23314,33.61627],[-112.2374,33.61617]],[[-112.22255,33.55375],[-112.22256,33.55417],[-112.2205,33.55422],[-112.22041,33.55263],[-112.22255,33.55256],[-112.22255,33.55375]],[[-112.21567,33.61226],[-112.21567,33.61298],[-112.21471,33.6128],[-112.21455,33.61341],[-112.21354,33.61343],[-112.21352,33.61045],[-112.21404,33.61044],[-112.21403,33.61115],[-112.2146,33.61114],[-112.21458,33.61226],[-112.21567,33.61226]]]},"properties":{"NAME":"Peoria city","BASENAME":"Peoria","GEOID":"0454050"}},{"type":"Feature","geometry":{"type":"Polygon","coordinates":[[[-111.96098,33.47394],[-111.96097,33.47275],[-111.94354,33.47292],[-111.94359,33.46555],[-111.93911,33.46528],[-111.93934,33.4646],[-111.93941,33.45831],[-111.92634,33.4585],[-111.92646,33.45125],[-111.91791,33.45126],[-111.91792,33.44763],[-111.91577,33.44763],[-111.91575,33.45127],[-111.90063,33.45132],[-111.9006,33.45493],[-111.89195,33.45495],[-111.89132,33.56798],[-111.79894,33.5679],[-111.80037,33.56863],[-111.80037,33.57153],[-111.79822,33.57152],[-111.79822,33.57243],[-111.79603,33.57243],[-111.79604,33.57153],[-111.7872,33.57152],[-111.78705,33.57846],[-111.78473,33.58157],[-111.78175,33.58084],[-111.77745,33.57839],[-111.77583,33.57706],[-111.77526,33.57613],[-111.77643,33.57591],[-111.77688,33.5755],[-111.77659,33.57512],[-111.77622,33.57531],[-111.77628,33.57586],[-111.77442,33.57633],[-111.77442,33.57514],[-111.7701,33.57515],[-111.77008,33.58967],[-111.76142,33.58965],[-111.75993,33.59122],[-111.75798,33.5921],[-111.7559,33.59175],[-111.75601,33.59292],[-111.75707,33.59418],[-111.75729,33.59495],[-111.75637,33.5974],[-111.75735,33.5995],[-111.75735,33.60035],[-111.76031,33.60205],[-111.76144,33.60322],[-111.76266,33.60311],[-111.76399,33.60517],[-111.76717,33.60559],[-111.7692,33.6068],[-111.77012,33.60563],[-111.77016,33.61142],[-111.78731,33.61137],[-111.78744,33.68358],[-111.78719,33.68359],[-111.78722,33.72688],[-111.78678,33.72687],[-111.78679,33.73776],[-111.78372,33.73777],[-111.7837,33.73414],[-111.78259,33.73414],[-111.78255,33.7323],[-111.77283,33.73229],[-111.77286,33.74168],[-111.78685,33.74187],[-111.78688,33.78718],[-111.78662,33.78813],[-111.78694,33.78878],[-111.78699,33.79035],[-111.78685,33.81397],[-111.83908,33.81389],[-111.83909,33.8268],[-111.83474,33.82682],[-111.83475,33.83385],[-111.83039,33.83385],[-111.8304,33.8411],[-111.82822,33.84111],[-111.82822,33.84473],[-111.82605,33.84474],[-111.82612,33.84859],[-111.82958,33.84867],[-111.83258,33.84946],[-111.83483,33.84923],[-111.83387,33.85035],[-111.83275,33.85337],[-111.83132,33.8547],[-111.83109,33.85562],[-111.83079,33.85562],[-111.83084,33.85514],[-111.82893,33.85505],[-111.81939,33.86977],[-111.82293,33.87109],[-111.82494,33.86733],[-111.82807,33.86604],[-111.82857,33.86468],[-111.82948,33.86468],[-111.83124,33.85985],[-111.83367,33.85954],[-111.83475,33.86816],[-111.83913,33.87578],[-111.83908,33.90052],[-111.89117,33.90049],[-111.89124,33.82099],[-111.88427,33.82103],[-111.88257,33.82261],[-111.88012,33.82368],[-111.87655,33.82492],[-111.87388,33.82499],[-111.87384,33.81387],[-111.90863,33.81381],[-111.90873,33.80724],[-111.90994,33.80684],[-111.91003,33.8072],[-111.9106,33.80684],[-111.91106,33.80551],[-111.9106,33.80542],[-111.91039,33.80339],[-111.91285,33.80177],[-111.91289,33.80141],[-111.91325,33.80138],[-111.91358,33.80215],[-111.91143,33.80343],[-111.91151,33.80376],[-111.91116,33.80394],[-111.91137,33.80444],[-111.91168,33.80413],[-111.91372,33.8045],[-111.9136,33.8047],[-111.91462,33.80479],[-111.91581,33.80563],[-111.91241,33.80572],[-111.91084,33.80655],[-111.91634,33.80649],[-111.91651,33.80683],[-111.91875,33.80704],[-111.9192,33.80656],[-111.9209,33.80601],[-111.92087,33.80656],[-111.92113,33.80659],[-111.92713,33.80655],[-111.92803,33.802],[-111.92809,33.79929],[-111.93034,33.7993],[-111.93363,33.80012],[-111.93774,33.79923],[-111.96082,33.79918],[-111.96073,33.7956],[-111.95857,33.79559],[-111.95845,33.79202],[-111.96072,33.7919],[-111.96071,33.78468],[-111.95942,33.78464],[-111.95774,33.78371],[-111.95649,33.78356],[-111.95515,33.78366],[-111.95295,33.78472],[-111.94762,33.78476],[-111.94765,33.79199],[-111.94547,33.79199],[-111.94546,33.78836],[-111.93467,33.78838],[-111.93458,33.75569],[-111.93895,33.75571],[-111.93901,33.75455],[-111.93897,33.74844],[-111.93462,33.74844],[-111.93468,33.7412],[-111.96073,33.74111],[-111.96078,33.72669],[-111.9607,33.72642],[-111.95959,33.72636],[-111.95504,33.72665],[-111.92581,33.72653],[-111.92569,33.72619],[-111.92552,33.64013],[-111.92605,33.59679],[-111.93464,33.59684],[-111.93459,33.60038],[-111.93615,33.6004],[-111.93897,33.60041],[-111.93897,33.59677],[-111.95209,33.59698],[-111.95211,33.5896],[-111.94343,33.58939],[-111.94352,33.57482],[-111.9262,33.57487],[-111.92587,33.5387],[-111.92793,33.53866],[-111.92821,33.51682],[-111.91702,33.51677],[-111.91714,33.51618],[-111.91957,33.51583],[-111.91959,33.5131],[-111.92604,33.51316],[-111.92604,33.5118],[-111.93037,33.51172],[-111.93039,33.50948],[-111.93254,33.50944],[-111.93251,33.51255],[-111.93464,33.5125],[-111.93468,33.50948],[-111.93684,33.50945],[-111.93681,33.51297],[-111.93892,33.51294],[-111.93896,33.50886],[-111.94061,33.50789],[-111.94,33.50789],[-111.94003,33.50282],[-111.94228,33.50279],[-111.94229,33.50535],[-111.94328,33.50535],[-111.9432,33.49078],[-111.94748,33.49021],[-111.95197,33.49094],[-111.95201,33.48752],[-111.94985,33.48751],[-111.9499,33.48534],[-111.949,33.4847],[-111.94902,33.48261],[-111.95089,33.48242],[-111.95156,33.48211],[-111.95185,33.48143],[-111.95315,33.4821],[-111.95722,33.48006],[-111.96093,33.48002],[-111.96098,33.47394]],[[-111.93901,33.49925],[-111.93681,33.49935],[-111.93682,33.49846],[-111.9347,33.49848],[-111.9347,33.49801],[-111.93535,33.49801],[-111.93536,33.49661],[-111.93742,33.49659],[-111.93741,33.49845],[-111.939,33.49843],[-111.93901,33.49925]],[[-111.92157,33.52683],[-111.92148,33.53139],[-111.92098,33.53137],[-111.92095,33.53045],[-111.92045,33.53044],[-111.9205,33.52769],[-111.91734,33.52763],[-111.91734,33.52679],[-111.92157,33.52683]],[[-111.91816,33.5115],[-111.91756,33.51289],[-111.91754,33.51149],[-111.91816,33.5115]]]},"properties":{"NAME":"Scottsdale city","BASENAME":"Scottsdale","GEOID":"0465000"}},{"type":"Feature","geometry":{"type":"MultiPolygon","coordinates":[[[[-112.49592,33.26151],[-112.49578,33.24698],[-112.46122,33.24682],[-112.46124,33.2179],[-112.44397,33.21796],[-112.44397,33.21066],[-112.45258,33.21068],[-112.4526,33.20339],[-112.46123,33.20341],[-112.4612,33.18879],[-112.4267,33.18885],[-112.42672,33.20335],[-112.4224,33.20333],[-112.42237,33.19607],[-112.41388,33.19607],[-112.41383,33.18867],[-112.40951,33.18866],[-112.40951,33.20332],[-112.38813,33.20333],[-112.38813,33.1997],[-112.38382,33.1997],[-112.38382,33.19607],[-112.3795,33.19607],[-112.3795,33.18881],[-112.39244,33.18882],[-112.39244,33.15979],[-112.37527,33.15978],[-112.37518,33.14526],[-112.38391,33.14526],[-112.38389,33.15252],[-112.39092,33.15253],[-112.40109,33.15253],[-112.4011,33.14528],[-112.39244,33.14528],[-112.39245,33.15002],[-112.37089,33.13401],[-112.37089,33.13074],[-112.36667,33.13075],[-112.36662,33.12349],[-112.35149,33.12349],[-112.35148,33.12711],[-112.35364,33.12712],[-112.35364,33.12893],[-112.34929,33.12893],[-112.34933,33.11627],[-112.34716,33.11619],[-112.33256,33.10543],[-112.29761,33.10541],[-112.29762,33.10171],[-112.28476,33.10171],[-112.28473,33.10901],[-112.28037,33.10904],[-112.28041,33.10353],[-112.27181,33.10353],[-112.27182,33.10902],[-112.26525,33.10896],[-112.26525,33.10806],[-112.2631,33.10806],[-112.2631,33.10715],[-112.26633,33.10715],[-112.26633,33.10533],[-112.25446,33.10534],[-112.25445,33.10171],[-112.27184,33.10162],[-112.27179,33.07276],[-112.25449,33.07265],[-112.25451,33.06723],[-112.26314,33.06721],[-112.26332,33.06264],[-112.26455,33.06265],[-112.26454,33.06325],[-112.26734,33.06327],[-112.26736,33.06481],[-112.26915,33.0648],[-112.26975,33.06451],[-112.27022,33.06506],[-112.27189,33.06484],[-112.27186,33.07131],[-112.27342,33.07131],[-112.27343,33.07268],[-112.2884,33.07268],[-112.28902,33.07314],[-112.28901,33.09446],[-112.30204,33.09443],[-112.30203,33.10172],[-112.32756,33.10171],[-112.31486,33.09234],[-112.31486,33.08718],[-112.30794,33.08718],[-112.30623,33.08592],[-112.30624,33.07274],[-112.29764,33.07273],[-112.29765,33.06179],[-112.29334,33.06179],[-112.29334,33.05997],[-112.2955,33.05997],[-112.29549,33.05814],[-112.30196,33.05814],[-112.30201,33.06541],[-112.31487,33.06543],[-112.31487,33.05811],[-112.30625,33.05812],[-112.30626,33.0509],[-112.31488,33.05091],[-112.3148,33.04365],[-112.30638,33.04364],[-112.30637,33.01462],[-112.28052,33.01471],[-112.28052,33.02005],[-112.27621,33.02006],[-112.27622,33.01824],[-112.27837,33.01824],[-112.27837,33.0147],[-112.27192,33.01462],[-112.27191,33.01824],[-112.26329,33.01825],[-112.26329,33.01458],[-112.23743,33.01461],[-112.23735,33.02913],[-112.22443,33.02912],[-112.2244,33.0437],[-112.22257,33.04372],[-112.2201,33.04363],[-112.22013,33.02904],[-112.216,33.02903],[-112.21593,33.02185],[-112.21164,33.02186],[-112.2116,33.0146],[-112.20299,33.01461],[-112.20298,33.02915],[-112.20215,33.02915],[-112.20213,33.04907],[-112.20253,33.04907],[-112.20253,33.05088],[-112.20213,33.05088],[-112.20214,33.07247],[-112.20325,33.07249],[-112.20322,33.08716],[-112.20214,33.08717],[-112.20231,33.15248],[-112.33206,33.1525],[-112.33207,33.13799],[-112.34501,33.13799],[-112.34501,33.14162],[-112.34069,33.14162],[-112.34069,33.14706],[-112.35039,33.14707],[-112.35039,33.14531],[-112.3666,33.14532],[-112.36655,33.15978],[-112.35793,33.15977],[-112.35793,33.16703],[-112.35362,33.16702],[-112.35362,33.1634],[-112.34931,33.16339],[-112.34931,33.15977],[-112.34081,33.15976],[-112.34073,33.18882],[-112.35794,33.18875],[-112.35797,33.18517],[-112.36228,33.18517],[-112.36226,33.18876],[-112.36442,33.18879],[-112.36445,33.18517],[-112.3666,33.18517],[-112.36658,33.18878],[-112.37522,33.18887],[-112.37522,33.1962],[-112.37088,33.19619],[-112.37088,33.19243],[-112.36872,33.19243],[-112.36872,33.19619],[-112.36656,33.19619],[-112.36655,33.20332],[-112.36655,33.20695],[-112.37087,33.20695],[-112.37087,33.20332],[-112.37529,33.20332],[-112.3752,33.21788],[-112.35788,33.21768],[-112.35792,33.27585],[-112.37521,33.27589],[-112.37521,33.27226],[-112.38394,33.27227],[-112.38374,33.28214],[-112.38395,33.29022],[-112.35795,33.29022],[-112.35787,33.36278],[-112.36658,33.36277],[-112.36624,33.39184],[-112.35734,33.39202],[-112.35792,33.42473],[-112.34988,33.42895],[-112.35016,33.42929],[-112.35237,33.42804],[-112.35374,33.42804],[-112.35387,33.43171],[-112.35622,33.43171],[-112.35634,33.43533],[-112.35396,33.43533],[-112.35394,33.44258],[-112.34968,33.44258],[-112.34967,33.44622],[-112.35396,33.44621],[-112.35394,33.44983],[-112.3411,33.44987],[-112.34094,33.4788],[-112.35534,33.47887],[-112.35801,33.48032],[-112.35801,33.48608],[-112.36242,33.48609],[-112.36236,33.49368],[-112.37509,33.49348],[-112.37513,33.49381],[-112.37544,33.49381],[-112.37533,33.49896],[-112.37948,33.49892],[-112.37938,33.50819],[-112.37076,33.50821],[-112.37092,33.51545],[-112.38379,33.51547],[-112.38367,33.50826],[-112.4616,33.50806],[-112.46148,33.4575],[-112.46134,33.4614],[-112.45799,33.46111],[-112.45796,33.46037],[-112.45619,33.46042],[-112.45618,33.46109],[-112.45331,33.46108],[-112.45383,33.46044],[-112.45283,33.46062],[-112.45266,33.46025],[-112.45178,33.46025],[-112.45197,33.46105],[-112.44429,33.46107],[-112.44435,33.4575],[-112.46028,33.4575],[-112.46026,33.457],[-112.46071,33.457],[-112.4607,33.4502],[-112.44398,33.4502],[-112.44397,33.43566],[-112.43622,33.43564],[-112.43622,33.43289],[-112.43547,33.43289],[-112.43548,33.42827],[-112.44848,33.42833],[-112.44851,33.44659],[-112.4528,33.44655],[-112.45279,33.44977],[-112.46146,33.44622],[-112.46146,33.43944],[-112.45765,33.43942],[-112.45764,33.43728],[-112.45713,33.43729],[-112.4571,33.43568],[-112.46147,33.43569],[-112.46147,33.4284],[-112.45281,33.42841],[-112.45273,33.42112],[-112.46147,33.42114],[-112.46146,33.41025],[-112.46106,33.40657],[-112.44848,33.40659],[-112.44846,33.40839],[-112.44631,33.4084],[-112.4463,33.40659],[-112.43544,33.40664],[-112.43544,33.40421],[-112.42689,33.40525],[-112.42689,33.4047],[-112.42668,33.40528],[-112.41813,33.40631],[-112.41813,33.40659],[-112.41591,33.40659],[-112.39211,33.40948],[-112.39211,33.40827],[-112.40924,33.4063],[-112.40935,33.39931],[-112.40945,33.40639],[-112.42923,33.40384],[-112.43349,33.40291],[-112.43546,33.40201],[-112.43546,33.40232],[-112.4346,33.40274],[-112.43024,33.4043],[-112.43943,33.40318],[-112.43942,33.40123],[-112.43718,33.40134],[-112.43549,33.40231],[-112.43549,33.40199],[-112.43869,33.39983],[-112.44124,33.39735],[-112.43982,33.39696],[-112.4398,33.39215],[-112.42671,33.39215],[-112.42671,33.38479],[-112.43111,33.3848],[-112.43115,33.38107],[-112.43548,33.38108],[-112.43549,33.37735],[-112.44399,33.37751],[-112.44397,33.3947],[-112.44434,33.37738],[-112.4432,33.37737],[-112.44317,33.37374],[-112.45179,33.37377],[-112.45176,33.3629],[-112.46044,33.36293],[-112.46075,33.35569],[-112.46962,33.35572],[-112.46986,33.34847],[-112.46545,33.34852],[-112.4655,33.33398],[-112.44818,33.33394],[-112.44814,33.32668],[-112.45249,33.32665],[-112.4525,33.31944],[-112.46987,33.31946],[-112.46981,33.30141],[-112.48709,33.30133],[-112.487,33.29763],[-112.46981,33.29766],[-112.46982,33.29039],[-112.46107,33.29036],[-112.46119,33.27678],[-112.46152,33.2755],[-112.46151,33.26148],[-112.47854,33.26152],[-112.47853,33.25426],[-112.48004,33.25422],[-112.48709,33.25426],[-112.48708,33.26154],[-112.49592,33.26151]],[[-112.46134,33.46466],[-112.44456,33.46477],[-112.44461,33.46447],[-112.45378,33.46443],[-112.45376,33.46254],[-112.45584,33.46256],[-112.45586,33.46321],[-112.45722,33.46321],[-112.45732,33.46258],[-112.45953,33.46284],[-112.45964,33.46236],[-112.46022,33.46228],[-112.46131,33.46246],[-112.46134,33.46466]],[[-112.44395,33.41664],[-112.44396,33.41742],[-112.44133,33.4175],[-112.44135,33.41597],[-112.44066,33.41596],[-112.44087,33.41389],[-112.44395,33.41386],[-112.44395,33.41664]],[[-112.42692,33.39218],[-112.42689,33.40413],[-112.4267,33.40415],[-112.42692,33.39218]],[[-112.42245,33.41567],[-112.42238,33.42111],[-112.41814,33.42111],[-112.41808,33.42829],[-112.41378,33.42839],[-112.41379,33.42478],[-112.40954,33.42479],[-112.40953,33.4139],[-112.42242,33.4138],[-112.42245,33.41567]],[[-112.40946,33.39849],[-112.40946,33.39917],[-112.40919,33.3992],[-112.40909,33.3943],[-112.40922,33.3904],[-112.40944,33.39036],[-112.40946,33.39849]],[[-112.39197,33.40872],[-112.39196,33.4095],[-112.38552,33.41028],[-112.38364,33.41087],[-112.3647,33.42162],[-112.36252,33.42295],[-112.36225,33.4235],[-112.36221,33.42213],[-112.38354,33.40989],[-112.38555,33.40928],[-112.39115,33.40857],[-112.39116,33.40882],[-112.39197,33.40872]],[[-112.36237,33.43241],[-112.36247,33.43527],[-112.35842,33.43525],[-112.35829,33.42943],[-112.36227,33.42932],[-112.36237,33.43241]]],[[[-112.35473,33.37005],[-112.35472,33.36824],[-112.35367,33.36825],[-112.35364,33.36274],[-112.34932,33.36269],[-112.34933,33.37364],[-112.35366,33.37362],[-112.35365,33.37003],[-112.35473,33.37005]]],[[[-112.46103,33.40058],[-112.46102,33.39924],[-112.4528,33.39923],[-112.4528,33.40158],[-112.46103,33.40058]]]]},"properties":{"NAME":"Goodyear city","BASENAME":"Goodyear","GEOID":"0428380"}},{"type":"Feature","geometry":{"type":"Polygon","coordinates":[[[-111.97225,33.32093],[-111.9722,33.3064],[-111.97133,33.30638],[-111.97108,33.30545],[-111.9717,33.3028],[-111.97158,33.29437],[-111.96768,33.2944],[-111.96772,33.2908],[-111.8936,33.29115],[-111.89314,33.23238],[-111.8584,33.23281],[-111.8584,33.21833],[-111.85826,33.22918],[-111.84978,33.2293],[-111.84984,33.21834],[-111.84592,33.21838],[-111.84588,33.22569],[-111.84117,33.22579],[-111.84113,33.204],[-111.84117,33.2149],[-111.8375,33.21495],[-111.8375,33.21531],[-111.83676,33.21532],[-111.83678,33.21843],[-111.83575,33.21847],[-111.83567,33.21748],[-111.83644,33.21748],[-111.83635,33.21194],[-111.83537,33.21262],[-111.83446,33.21507],[-111.83287,33.21703],[-111.83287,33.21849],[-111.83155,33.21851],[-111.83254,33.21718],[-111.83248,33.20777],[-111.82817,33.20784],[-111.82816,33.20689],[-111.82373,33.20698],[-111.82369,33.20431],[-111.83995,33.20402],[-111.80605,33.20469],[-111.75543,33.20478],[-111.75561,33.22655],[-111.76835,33.2265],[-111.76834,33.22279],[-111.7726,33.22287],[-111.77259,33.22104],[-111.77011,33.22104],[-111.77011,33.21941],[-111.77245,33.21943],[-111.77259,33.21984],[-111.77273,33.23008],[-111.76515,33.23013],[-111.76515,33.23378],[-111.76416,33.23378],[-111.76411,33.23404],[-111.76408,33.24868],[-111.77264,33.24881],[-111.77264,33.25223],[-111.77482,33.25224],[-111.77482,33.25264],[-111.77693,33.2526],[-111.77695,33.24854],[-111.78135,33.24847],[-111.78135,33.25025],[-111.78564,33.25019],[-111.78566,33.25561],[-111.7728,33.25587],[-111.7728,33.26337],[-111.7815,33.26314],[-111.78022,33.26662],[-111.77966,33.2702],[-111.77492,33.27395],[-111.78941,33.27376],[-111.7894,33.29208],[-111.78992,33.29217],[-111.78994,33.29916],[-111.79671,33.29914],[-111.79673,33.30277],[-111.79403,33.30278],[-111.79404,33.30592],[-111.79318,33.30593],[-111.79318,33.30627],[-111.79081,33.30593],[-111.79081,33.30627],[-111.79007,33.30627],[-111.78998,33.31425],[-111.79835,33.31423],[-111.79835,33.31375],[-111.80682,33.31373],[-111.80682,33.32812],[-111.82411,33.32796],[-111.82419,33.33886],[-111.8331,33.33882],[-111.83304,33.36133],[-111.84183,33.36131],[-111.84181,33.35706],[-111.85909,33.35721],[-111.89391,33.35685],[-111.89346,33.33473],[-111.89321,33.33473],[-111.89322,33.33408],[-111.89347,33.33408],[-111.89366,33.32757],[-111.91971,33.32735],[-111.91968,33.32368],[-111.92803,33.32367],[-111.92798,33.32013],[-111.93696,33.32012],[-111.93698,33.32365],[-111.94575,33.32357],[-111.94579,33.32729],[-111.95332,33.32727],[-111.95577,33.32008],[-111.96324,33.32004],[-111.96328,33.32712],[-111.97223,33.32707],[-111.97225,33.32093]],[[-111.80674,33.28795],[-111.80618,33.28795],[-111.80617,33.28746],[-111.80673,33.28746],[-111.80674,33.28795]],[[-111.81659,33.28441],[-111.81561,33.28609],[-111.81636,33.28453],[-111.81617,33.2844],[-111.81659,33.28441]],[[-111.79383,33.25542],[-111.79335,33.25551],[-111.79335,33.25463],[-111.79382,33.25462],[-111.79383,33.25542]],[[-111.80134,33.24817],[-111.8008,33.24817],[-111.80079,33.24724],[-111.80133,33.24724],[-111.80134,33.24817]],[[-111.85027,33.29883],[-111.84997,33.29884],[-111.84998,33.29703],[-111.85027,33.29703],[-111.85027,33.29883]],[[-111.80667,33.24309],[-111.80516,33.24311],[-111.80516,33.24267],[-111.80667,33.24265],[-111.80667,33.24309]],[[-111.79037,33.25304],[-111.78972,33.25304],[-111.78971,33.25192],[-111.79036,33.25192],[-111.79037,33.25304]],[[-111.7781,33.22023],[-111.77705,33.22023],[-111.77704,33.2194],[-111.7781,33.2194],[-111.7781,33.22023]],[[-111.8122,33.26246],[-111.81112,33.26247],[-111.81112,33.26165],[-111.8122,33.26164],[-111.8122,33.26246]],[[-111.8196,33.23345],[-111.81854,33.23347],[-111.81854,33.23247],[-111.81958,33.23246],[-111.8196,33.23345]],[[-111.81649,33.28344],[-111.81559,33.28325],[-111.81558,33.28199],[-111.81616,33.28199],[-111.81649,33.28344]],[[-111.83261,33.24461],[-111.8326,33.24598],[-111.8314,33.24598],[-111.83183,33.24461],[-111.83261,33.24461]],[[-111.79173,33.24114],[-111.78956,33.24476],[-111.78979,33.24432],[-111.7896,33.24285],[-111.79063,33.24283],[-111.79145,33.24137],[-111.79122,33.24111],[-111.79173,33.24114]],[[-111.79167,33.25544],[-111.78972,33.25556],[-111.78971,33.25467],[-111.79167,33.25465],[-111.79167,33.25544]],[[-111.82376,33.22784],[-111.82177,33.22787],[-111.82176,33.22697],[-111.82375,33.22693],[-111.82376,33.22784]],[[-111.82955,33.24784],[-111.8275,33.25266],[-111.82504,33.25515],[-111.82728,33.25257],[-111.82885,33.24862],[-111.82955,33.24784]],[[-111.80666,33.24183],[-111.80477,33.24185],[-111.80476,33.24086],[-111.80665,33.24084],[-111.80666,33.24183]],[[-111.77265,33.24045],[-111.77265,33.24102],[-111.76835,33.24104],[-111.76836,33.24047],[-111.77265,33.24045]],[[-111.84112,33.21745],[-111.84031,33.21745],[-111.84032,33.2184],[-111.83904,33.21841],[-111.83903,33.21676],[-111.84111,33.21672],[-111.84112,33.21745]],[[-111.81535,33.25704],[-111.81376,33.25707],[-111.81373,33.25525],[-111.81534,33.25523],[-111.81535,33.25704]],[[-111.81102,33.23782],[-111.80662,33.23789],[-111.80663,33.23719],[-111.81102,33.23714],[-111.81102,33.23782]],[[-111.82437,33.28411],[-111.82286,33.28415],[-111.82285,33.28347],[-111.82207,33.2834],[-111.82207,33.28243],[-111.82436,33.28241],[-111.82437,33.28411]],[[-111.78816,33.26469],[-111.78597,33.26472],[-111.78594,33.26309],[-111.78815,33.26306],[-111.78816,33.26469]],[[-111.96757,33.29714],[-111.96757,33.29812],[-111.96496,33.29813],[-111.96496,33.29623],[-111.96615,33.29622],[-111.96614,33.29715],[-111.96757,33.29714]],[[-111.83001,33.23321],[-111.8283,33.2332],[-111.82828,33.22685],[-111.82804,33.22595],[-111.82898,33.22886],[-111.82854,33.23126],[-111.83001,33.23321]],[[-111.7992,33.24819],[-111.79817,33.24821],[-111.79814,33.24457],[-111.79917,33.24455],[-111.7992,33.24819]],[[-111.83506,33.26431],[-111.83274,33.26434],[-111.83273,33.26249],[-111.83505,33.26245],[-111.83506,33.26431]],[[-111.86101,33.24346],[-111.861,33.24368],[-111.85995,33.24368],[-111.85995,33.24489],[-111.85858,33.24491],[-111.85859,33.24188],[-111.861,33.24187],[-111.86101,33.24346]],[[-111.82404,33.28603],[-111.81996,33.28607],[-111.81996,33.28517],[-111.8191,33.28518],[-111.81909,33.28437],[-111.82403,33.28432],[-111.82404,33.28603]],[[-111.81109,33.25711],[-111.80687,33.25713],[-111.80686,33.25531],[-111.81108,33.25527],[-111.81109,33.25711]],[[-111.84968,33.23495],[-111.84552,33.23502],[-111.84553,33.23311],[-111.84967,33.23307],[-111.84968,33.23495]],[[-111.82855,33.24689],[-111.82518,33.24684],[-111.82518,33.2462],[-111.82403,33.24621],[-111.82403,33.24595],[-111.82517,33.24594],[-111.82516,33.24418],[-111.82829,33.24413],[-111.82828,33.24658],[-111.82855,33.24689]],[[-111.82854,33.26969],[-111.82443,33.26974],[-111.82432,33.26603],[-111.82846,33.26597],[-111.82854,33.26969]],[[-111.83945,33.22947],[-111.83925,33.22977],[-111.83683,33.23003],[-111.83684,33.23048],[-111.83777,33.2311],[-111.83684,33.23136],[-111.83685,33.23311],[-111.83587,33.23313],[-111.83586,33.22479],[-111.83648,33.22478],[-111.83645,33.21879],[-111.8368,33.21878],[-111.83688,33.22509],[-111.83866,33.2272],[-111.83875,33.22828],[-111.83938,33.22856],[-111.83945,33.22947]],[[-111.84645,33.27202],[-111.84645,33.27257],[-111.84573,33.27258],[-111.84573,33.2735],[-111.84147,33.27356],[-111.84136,33.27578],[-111.83934,33.27581],[-111.83935,33.27656],[-111.83429,33.27663],[-111.83428,33.27595],[-111.83502,33.27594],[-111.835,33.27497],[-111.83674,33.27494],[-111.83673,33.27312],[-111.83706,33.27312],[-111.83707,33.27511],[-111.83827,33.27509],[-111.83964,33.27401],[-111.84136,33.27332],[-111.84135,33.27255],[-111.84208,33.27254],[-111.84208,33.27209],[-111.84645,33.27202]],[[-111.79602,33.21998],[-111.79602,33.22059],[-111.79213,33.22063],[-111.79232,33.22417],[-111.79306,33.22542],[-111.79423,33.22644],[-111.78939,33.22649],[-111.78939,33.22212],[-111.792,33.22209],[-111.792,33.21939],[-111.79599,33.21935],[-111.79602,33.21998]],[[-111.82397,33.2699],[-111.82396,33.2708],[-111.82343,33.27081],[-111.82343,33.27197],[-111.81768,33.27203],[-111.81731,33.27339],[-111.81703,33.27339],[-111.81812,33.27005],[-111.81889,33.26934],[-111.82078,33.26842],[-111.82153,33.26761],[-111.82394,33.26802],[-111.82397,33.2699]],[[-111.88091,33.34774],[-111.8809,33.34933],[-111.8777,33.34937],[-111.87769,33.3486],[-111.87664,33.3486],[-111.87663,33.3431],[-111.87764,33.3431],[-111.87764,33.34243],[-111.88085,33.34239],[-111.88091,33.34774]],[[-111.78569,33.22643],[-111.77702,33.22655],[-111.77706,33.22274],[-111.77709,33.22294],[-111.7846,33.22286],[-111.78466,33.21941],[-111.78561,33.21941],[-111.78569,33.22643]],[[-111.83708,33.2658],[-111.8367,33.26585],[-111.83668,33.25857],[-111.8327,33.25863],[-111.83267,33.25507],[-111.8302,33.255],[-111.83019,33.25447],[-111.83266,33.25443],[-111.83263,33.25135],[-111.83396,33.25133],[-111.83393,33.24772],[-111.83697,33.24768],[-111.83708,33.2658]],[[-111.84101,33.28265],[-111.84101,33.28386],[-111.83996,33.28388],[-111.83995,33.28318],[-111.83939,33.28319],[-111.83938,33.28217],[-111.83699,33.28221],[-111.83681,33.28414],[-111.83678,33.2804],[-111.83287,33.28046],[-111.8329,33.28418],[-111.82882,33.28424],[-111.82897,33.28394],[-111.8264,33.28345],[-111.82638,33.28055],[-111.83287,33.28046],[-111.83314,33.27698],[-111.84007,33.27687],[-111.84008,33.27807],[-111.83718,33.27811],[-111.83698,33.28098],[-111.83937,33.28095],[-111.83938,33.28213],[-111.84099,33.2821],[-111.84101,33.28265]],[[-111.80238,33.23996],[-111.80238,33.24094],[-111.79591,33.24101],[-111.79586,33.23428],[-111.79602,33.23366],[-111.79803,33.23366],[-111.79802,33.23154],[-111.79876,33.23154],[-111.79873,33.23365],[-111.80155,33.23365],[-111.80155,33.23302],[-111.8023,33.23302],[-111.80238,33.23996]],[[-111.89235,33.3421],[-111.88964,33.3421],[-111.88967,33.34924],[-111.88535,33.34928],[-111.88514,33.33513],[-111.8921,33.33503],[-111.89235,33.3421]],[[-111.82381,33.22381],[-111.82383,33.22597],[-111.81961,33.22606],[-111.81959,33.22882],[-111.82377,33.22875],[-111.82371,33.22966],[-111.82287,33.22968],[-111.82287,33.23149],[-111.81959,33.23155],[-111.81959,33.23064],[-111.81524,33.23071],[-111.81526,33.23162],[-111.8131,33.23165],[-111.81311,33.23349],[-111.80907,33.23362],[-111.80658,33.23362],[-111.80658,33.23089],[-111.80444,33.23107],[-111.80444,33.23178],[-111.80552,33.23177],[-111.80552,33.23361],[-111.80445,33.23362],[-111.80444,33.23178],[-111.80229,33.2318],[-111.80228,33.2299],[-111.80657,33.22987],[-111.80656,33.22266],[-111.80541,33.22269],[-111.8054,33.22186],[-111.80655,33.22185],[-111.80656,33.22266],[-111.81258,33.22257],[-111.81257,33.21912],[-111.8136,33.2191],[-111.81362,33.22257],[-111.81519,33.22255],[-111.81516,33.2191],[-111.81631,33.21906],[-111.81632,33.22252],[-111.81849,33.22247],[-111.81848,33.21903],[-111.82376,33.21896],[-111.82381,33.22381]]]},"properties":{"NAME":"Chandler city","BASENAME":"Chandler","GEOID":"0412000"}},{"type":"Feature","geometry":{"type":"Polygon","coordinates":[[[-112.3612,33.39184],[-112.36117,33.37749],[-112.32276,33.37733],[-112.3449,33.37745],[-112.34492,33.37562],[-112.34068,33.37562],[-112.34067,33.37185],[-112.3396,33.37185],[-112.33961,33.37003],[-112.34082,33.36999],[-112.34068,33.36269],[-112.35787,33.36278],[-112.35792,33.27578],[-112.34053,33.27578],[-112.34054,33.26853],[-112.34919,33.26853],[-112.34918,33.26129],[-112.30616,33.2612],[-112.30613,33.38058],[-112.30712,33.37909],[-112.30745,33.37922],[-112.30649,33.3808],[-112.3188,33.3809],[-112.31902,33.38453],[-112.32301,33.38455],[-112.32277,33.37745],[-112.35717,33.3777],[-112.35718,33.39914],[-112.34045,33.39894],[-112.34045,33.39552],[-112.31471,33.39534],[-112.31471,33.39582],[-112.31047,33.3958],[-112.31049,33.40252],[-112.30617,33.40261],[-112.3062,33.40977],[-112.30694,33.40977],[-112.30694,33.41036],[-112.30621,33.41036],[-112.3062,33.40977],[-112.29774,33.40982],[-112.29774,33.40777],[-112.29697,33.40779],[-112.29699,33.40631],[-112.30204,33.40622],[-112.30184,33.39529],[-112.28925,33.39545],[-112.28917,33.39207],[-112.30623,33.39182],[-112.30621,33.38252],[-112.30613,33.39178],[-112.28916,33.39201],[-112.28888,33.37953],[-112.28953,33.4185],[-112.29017,33.41849],[-112.29015,33.41734],[-112.30624,33.41709],[-112.30625,33.41762],[-112.30629,33.42069],[-112.28958,33.42098],[-112.2897,33.43545],[-112.30642,33.43549],[-112.30618,33.43548],[-112.30619,33.43629],[-112.28969,33.43632],[-112.28978,33.44994],[-112.27251,33.45023],[-112.27249,33.47483],[-112.27666,33.47475],[-112.27668,33.47191],[-112.28773,33.47173],[-112.28773,33.47272],[-112.28557,33.47277],[-112.28557,33.47539],[-112.27248,33.47565],[-112.27244,33.4938],[-112.29022,33.49365],[-112.30756,33.49309],[-112.30797,33.49285],[-112.31959,33.49294],[-112.31961,33.49669],[-112.32379,33.49677],[-112.3239,33.50392],[-112.32815,33.50399],[-112.32805,33.49325],[-112.34167,33.49333],[-112.34363,33.4931],[-112.34574,33.49224],[-112.35204,33.48826],[-112.35801,33.48608],[-112.35801,33.48032],[-112.35534,33.47887],[-112.34094,33.4788],[-112.3411,33.44987],[-112.35394,33.44983],[-112.35396,33.44621],[-112.34967,33.44622],[-112.34968,33.44258],[-112.35394,33.44258],[-112.35396,33.43533],[-112.35634,33.43533],[-112.35622,33.43171],[-112.35387,33.43171],[-112.35374,33.42804],[-112.35237,33.42804],[-112.35016,33.42929],[-112.34988,33.42895],[-112.35792,33.42473],[-112.35734,33.39202],[-112.3612,33.39184]],[[-112.29424,33.40683],[-112.29356,33.40684],[-112.29355,33.40635],[-112.29424,33.40634],[-112.29424,33.40683]],[[-112.30773,33.46768],[-112.30661,33.46772],[-112.30661,33.46626],[-112.30763,33.46625],[-112.30773,33.46768]],[[-112.31515,33.45731],[-112.31086,33.458],[-112.31086,33.45687],[-112.31515,33.45687],[-112.31515,33.45731]],[[-112.31423,33.464],[-112.31417,33.46771],[-112.312,33.4677],[-112.31204,33.46564],[-112.31404,33.46563],[-112.31423,33.464]],[[-112.33235,33.44594],[-112.33072,33.44591],[-112.33069,33.43888],[-112.33015,33.43889],[-112.33013,33.43594],[-112.33228,33.43592],[-112.33235,33.44594]],[[-112.33443,33.43508],[-112.32563,33.43514],[-112.3282,33.43488],[-112.32844,33.43442],[-112.33227,33.43439],[-112.33219,33.42789],[-112.33439,33.42792],[-112.33443,33.43508]],[[-112.30654,33.44967],[-112.2984,33.44982],[-112.29835,33.44469],[-112.30064,33.44467],[-112.30124,33.44523],[-112.30131,33.44677],[-112.30323,33.44576],[-112.30652,33.44613],[-112.30654,33.44967]],[[-112.34897,33.40987],[-112.34469,33.40979],[-112.34478,33.41348],[-112.34062,33.41346],[-112.34047,33.4061],[-112.33393,33.40609],[-112.33406,33.40422],[-112.33462,33.40252],[-112.34889,33.40271],[-112.34897,33.40987]]]},"properties":{"NAME":"Avondale city","BASENAME":"Avondale","GEOID":"0404720"}},{"type":"Feature","geometry":{"type":"MultiPolygon","coordinates":[[[[-112.09136,33.07252],[-112.09127,33.06527],[-112.08263,33.06525],[-112.08244,33.05812],[-112.07822,33.05802],[-112.07819,33.05072],[-112.0653,33.05056],[-112.06517,33.03984],[-112.05652,33.03987],[-112.05648,33.03636],[-112.04794,33.03639],[-112.04808,33.01451],[-112.03067,33.01451],[-112.03067,33.00011],[-112.01369,33.00003],[-111.99701,32.99931],[-111.92041,32.99913],[-111.92044,33.00867],[-111.92264,33.00869],[-111.92269,33.01417],[-111.92898,33.01418],[-111.92759,33.02899],[-111.92728,33.06554],[-111.94485,33.06578],[-111.96189,33.06535],[-111.97915,33.06535],[-111.97905,33.05817],[-111.99626,33.05856],[-111.99612,33.08791],[-111.99652,33.08793],[-112.01306,33.08798],[-112.03073,33.08697],[-112.04813,33.08739],[-112.04797,33.0724],[-112.0656,33.07235],[-112.06527,33.08709],[-112.08274,33.08708],[-112.08278,33.0725],[-112.09136,33.07252]],[[-112.03936,33.02904],[-112.03932,33.04358],[-112.03069,33.04351],[-112.03083,33.02905],[-112.03936,33.02904]],[[-112.01363,33.0355],[-112.01315,33.03637],[-112.00501,33.03637],[-112.00506,33.03062],[-112.00529,33.03038],[-112.01363,33.0355]]],[[[-111.93755,32.98151],[-111.93754,32.97692],[-111.92056,32.97675],[-111.92056,32.97303],[-111.92903,32.97314],[-111.92902,32.96943],[-111.92055,32.9693],[-111.92052,32.9544],[-111.912,32.95425],[-111.91219,32.97372],[-111.9139,32.97449],[-111.93744,32.98905],[-111.93755,32.98151]]],[[[-112.13476,33.0794],[-112.1347,33.07865],[-112.12421,33.07921],[-112.11754,33.07922],[-112.11752,33.07258],[-112.10036,33.07255],[-112.10038,33.07965],[-112.09567,33.07965],[-112.09572,33.08706],[-112.13465,33.08691],[-112.13476,33.0794]]]]},"properties":{"NAME":"Maricopa city","BASENAME":"Maricopa","GEOID":"0444410"}},{"type":"Feature","geometry":{"type":"Polygon","coordinates":[[[-112.1177,33.31824],[-112.1175,33.37771],[-112.11647,33.37771],[-112.11671,33.40983],[-112.14056,33.40931],[-112.1511,33.40856],[-112.15722,33.4078],[-112.16027,33.40682],[-112.16632,33.40704],[-112.16997,33.40666],[-112.19561,33.39886],[-112.2092,33.39595],[-112.21561,33.3951],[-112.22236,33.39379],[-112.22644,33.39238],[-112.23483,33.38874],[-112.22011,33.3745],[-112.2201,33.36993],[-112.21543,33.36997],[-112.15178,33.30789],[-112.14825,33.30493],[-112.1177,33.31824]]]},"properties":{"NAME":"Laveen"}}]}